00001 10 0 9.000000 9.000000 0 276.000000 521.000000 0 277.000000 521.000000 0 277.000000 519.000000 0 280.000000 521.000000 0 278.000000 522.000000 0 280.000000 520.000000 0 4.000000 11.000000 0 280.000000 522.000000 0 281.000000 522.000000
00002 10 0 9.000000 9.000000 0 70.000000 0.000000 0 276.000000 521.000000 0 281.000000 524.000000 0 278.000000 522.000000 0 279.000000 522.000000 0 280.000000 522.000000 0 281.000000 522.000000 0 277.000000 518.000000 0 277.000000 519.000000
00003 10 0 9.000000 9.000000 0 277.000000 523.000000 0 277.000000 519.000000 0 277.000000 518.000000 0 279.000000 523.000000 0 277.000000 524.000000 0 280.000000 520.000000 0 11.000000 6.000000 0 281.000000 522.000000 0 279.000000 522.000000
00004 10 0 9.000000 9.000000 0 11.000000 9.000000 0 280.000000 520.000000 0 70.000000 0.000000 0 278.000000 521.000000 0 277.000000 518.000000 0 280.000000 521.000000 0 276.000000 521.000000 0 277.000000 521.000000 0 281.000000 522.000000
00005 10 0 9.000000 9.000000 0 281.000000 524.000000 0 276.000000 524.000000 0 277.000000 524.000000 0 72.000000 0.000000 0 278.000000 523.000000 0 277.000000 523.000000 0 277.000000 519.000000 0 277.000000 521.000000 0 277.000000 522.000000
00006 10 0 9.000000 9.000000 0 277.000000 524.000000 0 276.000000 524.000000 0 279.000000 523.000000 0 279.000000 521.000000 0 277.000000 521.000000 0 280.000000 520.000000 0 279.000000 524.000000 0 278.000000 523.000000 0 278.000000 524.000000
00007 10 0 9.000000 9.000000 0 72.000000 0.000000 0 71.000000 0.000000 0 276.000000 521.000000 0 16.000000 22.000000 0 281.000000 522.000000 0 277.000000 519.000000 0 12.000000 12.000000 0 277.000000 524.000000 0 279.000000 522.000000
00008 10 0 9.000000 9.000000 0 279.000000 523.000000 0 277.000000 521.000000 0 276.000000 521.000000 0 277.000000 519.000000 0 277.000000 524.000000 0 277.000000 522.000000 0 281.000000 524.000000 0 277.000000 523.000000 0 279.000000 522.000000
00009 10 0 9.000000 9.000000 0 277.000000 519.000000 0 277.000000 521.000000 0 277.000000 522.000000 0 281.000000 524.000000 0 279.000000 521.000000 0 279.000000 522.000000 0 277.000000 523.000000 0 277.000000 524.000000 0 277.000000 520.000000
00010 10 0 9.000000 9.000000 0 277.000000 523.000000 0 276.000000 524.000000 0 281.000000 523.000000 0 277.000000 520.000000 0 281.000000 522.000000 0 280.000000 520.000000 0 278.000000 523.000000 0 279.000000 523.000000 0 281.000000 524.000000
00011 10 0 9.000000 9.000000 0 278.000000 523.000000 0 279.000000 523.000000 0 280.000000 523.000000 0 280.000000 522.000000 0 279.000000 519.000000 0 277.000000 524.000000 0 278.000000 524.000000 0 279.000000 520.000000 0 279.000000 522.000000
00012 10 0 9.000000 9.000000 0 277.000000 521.000000 0 277.000000 522.000000 0 279.000000 521.000000 0 281.000000 522.000000 0 280.000000 523.000000 0 277.000000 523.000000 0 279.000000 522.000000 0 281.000000 524.000000 0 279.000000 523.000000
00013 10 0 9.000000 9.000000 0 279.000000 522.000000 0 281.000000 522.000000 0 277.000000 523.000000 0 280.000000 523.000000 0 281.000000 524.000000 0 278.000000 522.000000 0 277.000000 520.000000 0 276.000000 520.000000 0 277.000000 519.000000
00014 10 0 9.000000 9.000000 0 279.000000 522.000000 0 281.000000 524.000000 0 276.000000 521.000000 0 278.000000 523.000000 0 278.000000 522.000000 0 279.000000 520.000000 0 277.000000 521.000000 0 279.000000 521.000000 0 279.000000 523.000000
00015 10 0 9.000000 9.000000 0 277.000000 521.000000 0 279.000000 524.000000 0 281.000000 524.000000 0 281.000000 522.000000 0 280.000000 522.000000 0 280.000000 523.000000 0 12.000000 12.000000 0 4.000000 9.000000 0 277.000000 524.000000
00016 10 0 9.000000 9.000000 0 277.000000 522.000000 0 281.000000 524.000000 0 12.000000 12.000000 0 277.000000 519.000000 0 279.000000 523.000000 0 281.000000 522.000000 0 279.000000 522.000000 0 280.000000 522.000000 0 276.000000 521.000000
00017 10 0 9.000000 9.000000 0 277.000000 519.000000 0 280.000000 521.000000 0 279.000000 522.000000 0 281.000000 522.000000 0 280.000000 522.000000 0 280.000000 520.000000 0 278.000000 523.000000 0 277.000000 523.000000 0 275.000000 523.000000
00018 10 0 9.000000 9.000000 0 277.000000 519.000000 0 280.000000 523.000000 0 277.000000 523.000000 0 275.000000 523.000000 0 281.000000 522.000000 0 281.000000 524.000000 0 277.000000 524.000000 0 279.000000 523.000000 0 4.000000 11.000000
00019 10 0 9.000000 9.000000 0 277.000000 519.000000 0 277.000000 521.000000 0 280.000000 522.000000 0 276.000000 524.000000 0 12.000000 12.000000 0 280.000000 523.000000 0 281.000000 524.000000 0 11.000000 12.000000 0 13.000000 12.000000
00020 10 0 9.000000 9.000000 0 277.000000 524.000000 0 277.000000 521.000000 0 280.000000 521.000000 0 281.000000 524.000000 0 280.000000 522.000000 0 278.000000 522.000000 0 279.000000 523.000000 0 278.000000 523.000000 0 280.000000 523.000000
00021 10 0 9.000000 9.000000 0 277.000000 519.000000 0 277.000000 522.000000 0 279.000000 522.000000 0 277.000000 523.000000 0 278.000000 523.000000 0 281.000000 522.000000 0 279.000000 524.000000 0 281.000000 524.000000 0 280.000000 520.000000
00022 10 0 9.000000 9.000000 0 277.000000 519.000000 0 280.000000 524.000000 0 281.000000 524.000000 0 280.000000 523.000000 0 279.000000 524.000000 0 277.000000 522.000000 0 279.000000 522.000000 0 278.000000 522.000000 0 280.000000 521.000000
00023 10 0 9.000000 9.000000 0 276.000000 520.000000 0 279.000000 520.000000 0 277.000000 522.000000 0 279.000000 519.000000 0 276.000000 521.000000 0 281.000000 521.000000 0 277.000000 518.000000 0 275.000000 523.000000 0 281.000000 522.000000
00024 10 0 9.000000 9.000000 0 277.000000 524.000000 0 277.000000 522.000000 0 278.000000 522.000000 0 277.000000 521.000000 0 12.000000 4.000000 0 276.000000 524.000000 0 277.000000 518.000000 0 277.000000 519.000000 0 4.000000 9.000000
00025 10 0 9.000000 9.000000 0 277.000000 524.000000 0 12.000000 4.000000 0 276.000000 523.000000 0 278.000000 522.000000 0 279.000000 523.000000 0 276.000000 521.000000 0 281.000000 524.000000 0 276.000000 524.000000 0 4.000000 11.000000
00026 10 0 9.000000 9.000000 0 279.000000 523.000000 0 277.000000 523.000000 0 278.000000 522.000000 0 278.000000 523.000000 0 276.000000 520.000000 0 277.000000 522.000000 0 277.000000 519.000000 0 279.000000 519.000000 0 277.000000 521.000000
00027 10 0 9.000000 9.000000 0 277.000000 523.000000 0 13.000000 14.000000 0 277.000000 518.000000 0 278.000000 521.000000 0 278.000000 523.000000 0 279.000000 523.000000 0 277.000000 522.000000 0 11.000000 4.000000 0 280.000000 523.000000
00028 10 0 9.000000 9.000000 0 277.000000 524.000000 0 281.000000 524.000000 0 11.000000 14.000000 0 276.000000 520.000000 0 276.000000 524.000000 0 278.000000 521.000000 0 277.000000 522.000000 0 279.000000 523.000000 0 13.000000 14.000000
00029 10 0 9.000000 9.000000 0 279.000000 523.000000 0 277.000000 520.000000 0 277.000000 518.000000 0 281.000000 521.000000 0 281.000000 524.000000 0 276.000000 524.000000 0 279.000000 519.000000 0 277.000000 519.000000 0 279.000000 520.000000
00030 10 0 9.000000 9.000000 0 277.000000 518.000000 0 277.000000 521.000000 0 281.000000 521.000000 0 280.000000 523.000000 0 280.000000 520.000000 0 281.000000 522.000000 0 280.000000 521.000000 0 277.000000 524.000000 0 276.000000 524.000000
00031 10 0 9.000000 9.000000 0 277.000000 519.000000 0 275.000000 523.000000 0 278.000000 523.000000 0 279.000000 523.000000 0 280.000000 520.000000 0 277.000000 523.000000 0 277.000000 524.000000 0 278.000000 524.000000 0 281.000000 524.000000
00032 10 0 9.000000 9.000000 0 281.000000 521.000000 0 277.000000 522.000000 0 279.000000 522.000000 0 280.000000 521.000000 0 12.000000 12.000000 0 278.000000 522.000000 0 277.000000 523.000000 0 277.000000 518.000000 0 277.000000 519.000000
00033 10 0 9.000000 9.000000 0 277.000000 519.000000 0 277.000000 523.000000 0 279.000000 523.000000 0 281.000000 524.000000 0 277.000000 522.000000 0 280.000000 523.000000 0 281.000000 521.000000 0 280.000000 521.000000 0 277.000000 524.000000
00034 10 0 9.000000 9.000000 0 277.000000 519.000000 0 277.000000 522.000000 0 278.000000 522.000000 0 280.000000 520.000000 0 277.000000 523.000000 0 281.000000 524.000000 0 279.000000 523.000000 0 277.000000 524.000000 0 279.000000 522.000000
00035 10 0 9.000000 9.000000 0 276.000000 522.000000 0 277.000000 518.000000 0 4.000000 11.000000 0 4.000000 9.000000 0 277.000000 523.000000 0 277.000000 519.000000 0 279.000000 523.000000 0 277.000000 522.000000 0 9.000000 3.000000
00036 10 0 9.000000 9.000000 0 277.000000 519.000000 0 281.000000 524.000000 0 277.000000 524.000000 0 279.000000 523.000000 0 277.000000 523.000000 0 279.000000 522.000000 0 277.000000 525.000000 0 276.000000 522.000000 0 4.000000 11.000000
00037 10 0 9.000000 9.000000 0 277.000000 521.000000 0 277.000000 519.000000 0 281.000000 524.000000 0 277.000000 524.000000 0 278.000000 524.000000 0 279.000000 524.000000 0 281.000000 522.000000 0 13.000000 5.000000 0 9.000000 3.000000
00038 10 0 9.000000 9.000000 0 277.000000 519.000000 0 279.000000 523.000000 0 278.000000 524.000000 0 11.000000 4.000000 0 278.000000 522.000000 0 281.000000 522.000000 0 276.000000 524.000000 0 277.000000 522.000000 0 278.000000 523.000000
00039 10 0 9.000000 9.000000 0 278.000000 524.000000 0 276.000000 523.000000 0 277.000000 523.000000 0 281.000000 524.000000 0 277.000000 524.000000 0 277.000000 520.000000 0 279.000000 523.000000 0 277.000000 518.000000 0 277.000000 519.000000
00040 10 0 9.000000 9.000000 0 276.000000 523.000000 0 280.000000 522.000000 0 281.000000 522.000000 0 281.000000 524.000000 0 277.000000 524.000000 0 280.000000 520.000000 0 277.000000 519.000000 0 277.000000 520.000000 0 276.000000 521.000000
00041 10 0 9.000000 9.000000 0 277.000000 523.000000 0 277.000000 521.000000 0 277.000000 519.000000 0 281.000000 524.000000 0 281.000000 521.000000 0 280.000000 521.000000 0 4.000000 9.000000 0 280.000000 520.000000 0 12.000000 12.000000
00042 10 0 9.000000 9.000000 0 277.000000 523.000000 0 277.000000 521.000000 0 281.000000 522.000000 0 280.000000 521.000000 0 280.000000 522.000000 0 280.000000 520.000000 0 277.000000 518.000000 0 281.000000 521.000000 0 4.000000 9.000000
00043 10 0 281.000000 524.000000 0 9.000000 9.000000 0 277.000000 523.000000 0 12.000000 12.000000 0 277.000000 520.000000 0 276.000000 520.000000 0 4.000000 11.000000 0 4.000000 9.000000 0 277.000000 518.000000 0 280.000000 521.000000
00044 10 0 9.000000 9.000000 0 281.000000 524.000000 0 277.000000 524.000000 0 279.000000 521.000000 0 276.000000 521.000000 0 277.000000 521.000000 0 4.000000 9.000000 0 4.000000 11.000000 0 277.000000 522.000000 0 12.000000 12.000000
00045 10 0 281.000000 524.000000 0 9.000000 9.000000 0 277.000000 523.000000 0 277.000000 521.000000 0 280.000000 520.000000 0 281.000000 521.000000 0 13.000000 11.000000 0 280.000000 521.000000 0 277.000000 518.000000 0 10.000000 14.000000
00046 10 0 9.000000 9.000000 0 277.000000 523.000000 0 281.000000 524.000000 0 280.000000 520.000000 0 4.000000 9.000000 0 277.000000 519.000000 0 281.000000 521.000000 0 277.000000 518.000000 0 280.000000 521.000000 0 4.000000 11.000000
00047 10 0 9.000000 9.000000 0 277.000000 519.000000 0 281.000000 524.000000 0 277.000000 523.000000 0 9.000000 3.000000 0 280.000000 521.000000 0 4.000000 9.000000 0 280.000000 520.000000 0 13.000000 12.000000 0 13.000000 4.000000
00048 10 0 9.000000 9.000000 0 281.000000 524.000000 0 280.000000 521.000000 0 11.000000 4.000000 0 277.000000 519.000000 0 277.000000 518.000000 0 277.000000 524.000000 0 277.000000 522.000000 0 4.000000 9.000000 0 279.000000 520.000000
00049 10 0 9.000000 9.000000 0 277.000000 519.000000 0 278.000000 523.000000 0 278.000000 524.000000 0 280.000000 523.000000 0 280.000000 524.000000 0 277.000000 523.000000 0 279.000000 523.000000 0 281.000000 524.000000 0 277.000000 522.000000
00050 10 0 9.000000 9.000000 0 277.000000 519.000000 0 277.000000 525.000000 0 281.000000 524.000000 0 280.000000 523.000000 0 277.000000 522.000000 0 277.000000 523.000000 0 281.000000 522.000000 0 280.000000 522.000000 0 280.000000 524.000000
00051 10 0 9.000000 9.000000 0 277.000000 519.000000 0 281.000000 524.000000 0 280.000000 521.000000 0 277.000000 523.000000 0 278.000000 523.000000 0 277.000000 524.000000 0 277.000000 522.000000 0 278.000000 524.000000 0 4.000000 9.000000
00052 10 0 9.000000 9.000000 0 277.000000 519.000000 0 281.000000 524.000000 0 278.000000 523.000000 0 280.000000 520.000000 0 276.000000 522.000000 0 277.000000 523.000000 0 276.000000 523.000000 0 277.000000 524.000000 0 4.000000 9.000000
00053 10 0 9.000000 9.000000 0 280.000000 522.000000 0 280.000000 520.000000 0 279.000000 522.000000 0 277.000000 519.000000 0 279.000000 520.000000 0 278.000000 523.000000 0 277.000000 521.000000 0 277.000000 522.000000 0 281.000000 524.000000
00054 10 0 9.000000 9.000000 0 279.000000 523.000000 0 278.000000 523.000000 0 279.000000 522.000000 0 280.000000 522.000000 0 277.000000 522.000000 0 276.000000 523.000000 0 277.000000 523.000000 0 11.000000 14.000000 0 281.000000 524.000000
00055 10 0 9.000000 9.000000 0 279.000000 522.000000 0 276.000000 521.000000 0 277.000000 524.000000 0 277.000000 521.000000 0 277.000000 522.000000 0 11.000000 14.000000 0 9.000000 3.000000 0 281.000000 522.000000 0 276.000000 523.000000
00056 10 0 9.000000 9.000000 0 281.000000 524.000000 0 280.000000 521.000000 0 277.000000 525.000000 0 13.000000 5.000000 0 278.000000 523.000000 0 278.000000 524.000000 0 276.000000 523.000000 0 277.000000 519.000000 0 11.000000 4.000000
00057 10 0 9.000000 9.000000 0 281.000000 524.000000 0 4.000000 11.000000 0 280.000000 521.000000 0 9.000000 3.000000 0 277.000000 523.000000 0 278.000000 523.000000 0 277.000000 522.000000 0 12.000000 12.000000 0 278.000000 524.000000
00058 10 0 9.000000 9.000000 0 281.000000 524.000000 0 277.000000 522.000000 0 279.000000 521.000000 0 278.000000 522.000000 0 276.000000 524.000000 0 278.000000 524.000000 0 277.000000 524.000000 0 4.000000 11.000000 0 9.000000 3.000000
00059 10 0 9.000000 9.000000 0 281.000000 524.000000 0 9.000000 3.000000 0 279.000000 521.000000 0 276.000000 524.000000 0 277.000000 522.000000 0 278.000000 522.000000 0 277.000000 524.000000 0 277.000000 521.000000 0 277.000000 523.000000
00060 10 0 9.000000 9.000000 0 281.000000 524.000000 0 277.000000 523.000000 0 278.000000 522.000000 0 278.000000 523.000000 0 277.000000 522.000000 0 11.000000 12.000000 0 277.000000 519.000000 0 277.000000 524.000000 0 276.000000 524.000000
00061 10 0 9.000000 9.000000 0 277.000000 519.000000 0 279.000000 521.000000 0 281.000000 524.000000 0 279.000000 524.000000 0 280.000000 523.000000 0 13.000000 11.000000 0 12.000000 12.000000 0 276.000000 523.000000 0 277.000000 523.000000
00062 10 0 9.000000 9.000000 0 277.000000 524.000000 0 9.000000 3.000000 0 280.000000 524.000000 0 280.000000 523.000000 0 281.000000 522.000000 0 279.000000 523.000000 0 277.000000 519.000000 0 277.000000 521.000000 0 277.000000 523.000000
00063 10 0 9.000000 9.000000 0 281.000000 524.000000 0 280.000000 520.000000 0 277.000000 525.000000 0 277.000000 521.000000 0 276.000000 520.000000 0 276.000000 523.000000 0 278.000000 523.000000 0 277.000000 523.000000 0 13.000000 5.000000
00064 10 0 9.000000 9.000000 0 281.000000 524.000000 0 278.000000 523.000000 0 12.000000 12.000000 0 279.000000 521.000000 0 4.000000 11.000000 0 276.000000 523.000000 0 278.000000 522.000000 0 4.000000 9.000000 0 11.000000 12.000000
00065 10 0 9.000000 9.000000 0 281.000000 524.000000 0 277.000000 519.000000 0 278.000000 523.000000 0 9.000000 3.000000 0 4.000000 11.000000 0 277.000000 522.000000 0 276.000000 521.000000 0 277.000000 523.000000 0 276.000000 523.000000
00066 10 0 9.000000 9.000000 0 276.000000 523.000000 0 277.000000 523.000000 0 277.000000 520.000000 0 277.000000 522.000000 0 280.000000 520.000000 0 279.000000 523.000000 0 279.000000 520.000000 0 280.000000 521.000000 0 279.000000 521.000000
00067 10 0 9.000000 9.000000 0 277.000000 519.000000 0 280.000000 520.000000 0 277.000000 523.000000 0 280.000000 522.000000 0 281.000000 522.000000 0 281.000000 524.000000 0 277.000000 522.000000 0 278.000000 524.000000 0 279.000000 522.000000
00068 10 0 9.000000 9.000000 0 281.000000 524.000000 0 277.000000 519.000000 0 278.000000 523.000000 0 277.000000 523.000000 0 277.000000 522.000000 0 11.000000 12.000000 0 277.000000 524.000000 0 278.000000 524.000000 0 280.000000 521.000000
00069 10 0 9.000000 9.000000 0 281.000000 524.000000 0 4.000000 9.000000 0 277.000000 518.000000 0 277.000000 522.000000 0 278.000000 522.000000 0 279.000000 519.000000 0 277.000000 519.000000 0 279.000000 520.000000 0 280.000000 521.000000
00070 10 0 9.000000 9.000000 0 278.000000 524.000000 0 277.000000 519.000000 0 280.000000 523.000000 0 278.000000 523.000000 0 277.000000 523.000000 0 277.000000 520.000000 0 279.000000 523.000000 0 277.000000 521.000000 0 277.000000 524.000000
00071 10 0 9.000000 9.000000 0 281.000000 524.000000 0 277.000000 522.000000 0 276.000000 524.000000 0 278.000000 521.000000 0 277.000000 524.000000 0 278.000000 522.000000 0 277.000000 518.000000 0 277.000000 519.000000 0 279.000000 519.000000
00072 10 0 9.000000 9.000000 0 281.000000 524.000000 0 276.000000 524.000000 0 280.000000 521.000000 0 277.000000 520.000000 0 277.000000 522.000000 0 277.000000 525.000000 0 12.000000 12.000000 0 277.000000 518.000000 0 280.000000 520.000000
00073 10 0 9.000000 9.000000 0 281.000000 524.000000 0 277.000000 521.000000 0 277.000000 518.000000 0 276.000000 524.000000 0 277.000000 523.000000 0 279.000000 520.000000 0 276.000000 520.000000 0 277.000000 519.000000 0 279.000000 519.000000
00074 10 0 9.000000 9.000000 0 281.000000 524.000000 0 277.000000 524.000000 0 277.000000 520.000000 0 277.000000 526.000000 0 278.000000 524.000000 0 276.000000 524.000000 0 277.000000 523.000000 0 278.000000 523.000000 0 276.000000 522.000000
00075 10 0 9.000000 9.000000 0 281.000000 524.000000 0 278.000000 522.000000 0 279.000000 519.000000 0 276.000000 523.000000 0 277.000000 525.000000 0 277.000000 522.000000 0 279.000000 521.000000 0 276.000000 522.000000 0 278.000000 524.000000
00076 10 0 9.000000 9.000000 0 281.000000 524.000000 0 277.000000 525.000000 0 280.000000 520.000000 0 276.000000 521.000000 0 277.000000 523.000000 0 279.000000 520.000000 0 280.000000 521.000000 0 12.000000 12.000000 0 277.000000 520.000000
00077 10 0 9.000000 9.000000 0 281.000000 524.000000 0 9.000000 3.000000 0 278.000000 522.000000 0 278.000000 521.000000 0 277.000000 521.000000 0 280.000000 521.000000 0 277.000000 522.000000 0 280.000000 520.000000 0 277.000000 520.000000
00078 10 0 9.000000 9.000000 0 281.000000 524.000000 0 276.000000 524.000000 0 278.000000 524.000000 0 277.000000 523.000000 0 276.000000 523.000000 0 278.000000 521.000000 0 278.000000 523.000000 0 277.000000 524.000000 0 276.000000 521.000000
00079 10 0 281.000000 524.000000 0 9.000000 9.000000 0 12.000000 9.000000 0 277.000000 524.000000 0 277.000000 525.000000 0 278.000000 524.000000 0 276.000000 523.000000 0 277.000000 518.000000 0 277.000000 523.000000 0 278.000000 522.000000
00080 10 0 9.000000 9.000000 0 281.000000 524.000000 0 278.000000 522.000000 0 276.000000 523.000000 0 12.000000 9.000000 0 13.000000 14.000000 0 276.000000 521.000000 0 11.000000 14.000000 0 277.000000 525.000000 0 278.000000 524.000000
00081 10 0 9.000000 9.000000 0 281.000000 524.000000 0 278.000000 524.000000 0 280.000000 521.000000 0 277.000000 525.000000 0 278.000000 521.000000 0 280.000000 520.000000 0 276.000000 521.000000 0 279.000000 521.000000 0 277.000000 523.000000
00082 10 0 281.000000 524.000000 0 9.000000 9.000000 0 277.000000 519.000000 0 13.000000 11.000000 0 28.000000 0.000000 0 9.000000 3.000000 0 276.000000 523.000000 0 277.000000 522.000000 0 278.000000 523.000000 0 4.000000 9.000000
00083 10 0 9.000000 9.000000 0 281.000000 524.000000 0 28.000000 0.000000 0 281.000000 521.000000 0 280.000000 521.000000 0 279.000000 521.000000 0 278.000000 523.000000 0 279.000000 519.000000 0 277.000000 521.000000 0 279.000000 520.000000
00084 10 0 9.000000 9.000000 0 281.000000 524.000000 0 277.000000 520.000000 0 278.000000 524.000000 0 277.000000 518.000000 0 4.000000 9.000000 0 12.000000 12.000000 0 280.000000 520.000000 0 277.000000 524.000000 0 279.000000 521.000000
00085 10 0 9.000000 9.000000 0 281.000000 524.000000 0 279.000000 521.000000 0 277.000000 521.000000 0 279.000000 520.000000 0 278.000000 521.000000 0 278.000000 524.000000 0 4.000000 9.000000 0 277.000000 520.000000 0 279.000000 519.000000
00086 10 0 9.000000 9.000000 0 281.000000 524.000000 0 277.000000 521.000000 0 277.000000 525.000000 0 279.000000 521.000000 0 280.000000 521.000000 0 278.000000 524.000000 0 277.000000 524.000000 0 277.000000 523.000000 0 278.000000 522.000000
00087 10 0 9.000000 9.000000 0 281.000000 524.000000 0 277.000000 523.000000 0 278.000000 523.000000 0 277.000000 518.000000 0 277.000000 524.000000 0 280.000000 520.000000 0 277.000000 519.000000 0 279.000000 521.000000 0 278.000000 522.000000
00088 10 0 9.000000 9.000000 0 281.000000 524.000000 0 281.000000 521.000000 0 277.000000 523.000000 0 277.000000 522.000000 0 277.000000 521.000000 0 276.000000 523.000000 0 278.000000 522.000000 0 13.000000 10.000000 0 4.000000 9.000000
00089 10 0 9.000000 9.000000 0 281.000000 524.000000 0 276.000000 521.000000 0 277.000000 521.000000 0 279.000000 519.000000 0 279.000000 520.000000 0 277.000000 518.000000 0 277.000000 523.000000 0 276.000000 523.000000 0 277.000000 519.000000
00090 10 0 9.000000 9.000000 0 281.000000 524.000000 0 277.000000 521.000000 0 279.000000 520.000000 0 277.000000 526.000000 0 4.000000 9.000000 0 12.000000 12.000000 0 280.000000 520.000000 0 11.000000 12.000000 0 280.000000 521.000000
00091 10 0 9.000000 9.000000 0 281.000000 524.000000 0 278.000000 524.000000 0 277.000000 524.000000 0 278.000000 523.000000 0 9.000000 3.000000 0 12.000000 12.000000 0 276.000000 523.000000 0 277.000000 523.000000 0 279.000000 519.000000
00092 10 0 9.000000 9.000000 0 281.000000 524.000000 0 277.000000 522.000000 0 278.000000 522.000000 0 277.000000 526.000000 0 278.000000 525.000000 0 4.000000 9.000000 0 13.000000 10.000000 0 13.000000 14.000000 0 12.000000 12.000000
00093 10 0 9.000000 9.000000 0 11.000000 9.000000 0 281.000000 524.000000 0 277.000000 522.000000 0 12.000000 12.000000 0 277.000000 520.000000 0 277.000000 521.000000 0 277.000000 523.000000 0 277.000000 519.000000 0 5.000000 3.000000
00094 10 0 11.000000 9.000000 0 281.000000 524.000000 0 9.000000 9.000000 0 278.000000 523.000000 0 278.000000 524.000000 0 277.000000 524.000000 0 12.000000 12.000000 0 277.000000 526.000000 0 9.000000 3.000000 0 277.000000 520.000000
00095 10 0 11.000000 9.000000 0 9.000000 9.000000 0 281.000000 524.000000 0 4.000000 9.000000 0 4.000000 11.000000 0 12.000000 12.000000 0 278.000000 524.000000 0 277.000000 525.000000 0 277.000000 521.000000 0 13.000000 14.000000
00096 10 0 281.000000 524.000000 0 11.000000 9.000000 0 9.000000 9.000000 0 277.000000 524.000000 0 277.000000 525.000000 0 281.000000 521.000000 0 277.000000 523.000000 0 277.000000 526.000000 0 4.000000 11.000000 0 4.000000 9.000000
00097 10 0 9.000000 9.000000 0 281.000000 524.000000 0 281.000000 521.000000 0 278.000000 526.000000 0 277.000000 521.000000 0 277.000000 525.000000 0 277.000000 523.000000 0 277.000000 522.000000 0 277.000000 524.000000 0 278.000000 524.000000
00098 10 0 281.000000 524.000000 0 9.000000 9.000000 0 278.000000 525.000000 0 9.000000 3.000000 0 277.000000 525.000000 0 277.000000 523.000000 0 277.000000 522.000000 0 278.000000 524.000000 0 278.000000 526.000000 0 277.000000 521.000000
00099 10 0 9.000000 9.000000 0 281.000000 524.000000 0 278.000000 523.000000 0 277.000000 523.000000 0 279.000000 521.000000 0 281.000000 521.000000 0 277.000000 521.000000 0 277.000000 525.000000 0 278.000000 524.000000 0 4.000000 3.000000
00100 10 0 281.000000 524.000000 0 9.000000 9.000000 0 278.000000 523.000000 0 278.000000 522.000000 0 277.000000 525.000000 0 277.000000 522.000000 0 280.000000 520.000000 0 278.000000 524.000000 0 277.000000 524.000000 0 279.000000 521.000000
00101 10 0 281.000000 524.000000 0 9.000000 9.000000 0 277.000000 524.000000 0 277.000000 523.000000 0 277.000000 525.000000 0 277.000000 521.000000 0 277.000000 522.000000 0 278.000000 523.000000 0 4.000000 9.000000 0 278.000000 524.000000
00102 10 0 281.000000 524.000000 0 9.000000 9.000000 0 278.000000 524.000000 0 277.000000 521.000000 0 280.000000 521.000000 0 4.000000 9.000000 0 5.000000 3.000000 0 9.000000 3.000000 0 277.000000 522.000000 0 278.000000 522.000000
00103 10 0 281.000000 524.000000 0 9.000000 9.000000 0 277.000000 523.000000 0 278.000000 524.000000 0 277.000000 524.000000 0 4.000000 11.000000 0 9.000000 3.000000 0 4.000000 9.000000 0 12.000000 4.000000 0 277.000000 519.000000
00104 10 0 9.000000 9.000000 0 281.000000 524.000000 0 4.000000 9.000000 0 277.000000 524.000000 0 9.000000 3.000000 0 4.000000 11.000000 0 277.000000 523.000000 0 277.000000 521.000000 0 11.000000 4.000000 0 9.000000 13.000000
00105 10 0 9.000000 9.000000 0 281.000000 524.000000 0 280.000000 521.000000 0 277.000000 522.000000 0 9.000000 3.000000 0 277.000000 524.000000 0 277.000000 523.000000 0 4.000000 9.000000 0 277.000000 521.000000 0 4.000000 11.000000
00106 10 0 281.000000 524.000000 0 9.000000 9.000000 0 277.000000 522.000000 0 4.000000 11.000000 0 9.000000 3.000000 0 5.000000 3.000000 0 277.000000 521.000000 0 277.000000 525.000000 0 278.000000 524.000000 0 278.000000 526.000000
00107 10 0 9.000000 9.000000 0 281.000000 524.000000 0 5.000000 3.000000 0 277.000000 521.000000 0 278.000000 524.000000 0 278.000000 526.000000 0 280.000000 521.000000 0 278.000000 522.000000 0 277.000000 525.000000 0 279.000000 519.000000
00108 10 0 9.000000 9.000000 0 281.000000 524.000000 0 5.000000 3.000000 0 277.000000 524.000000 0 4.000000 11.000000 0 12.000000 12.000000 0 277.000000 522.000000 0 277.000000 521.000000 0 280.000000 520.000000 0 279.000000 521.000000
00109 10 0 9.000000 9.000000 0 281.000000 524.000000 0 4.000000 9.000000 0 12.000000 12.000000 0 9.000000 3.000000 0 4.000000 11.000000 0 277.000000 523.000000 0 279.000000 521.000000 0 4.000000 13.000000 0 5.000000 3.000000
00110 10 0 281.000000 524.000000 0 9.000000 9.000000 0 4.000000 9.000000 0 4.000000 11.000000 0 277.000000 523.000000 0 277.000000 522.000000 0 9.000000 3.000000 0 5.000000 3.000000 0 4.000000 3.000000 0 277.000000 524.000000
00111 10 0 9.000000 9.000000 0 281.000000 524.000000 0 280.000000 521.000000 0 277.000000 522.000000 0 5.000000 3.000000 0 4.000000 11.000000 0 9.000000 3.000000 0 277.000000 523.000000 0 4.000000 9.000000 0 277.000000 524.000000
00112 10 0 281.000000 524.000000 0 9.000000 9.000000 0 277.000000 524.000000 0 280.000000 521.000000 0 278.000000 524.000000 0 277.000000 523.000000 0 4.000000 9.000000 0 4.000000 11.000000 0 277.000000 522.000000 0 7.000000 4.000000
00113 10 0 9.000000 9.000000 0 281.000000 524.000000 0 277.000000 525.000000 0 280.000000 521.000000 0 277.000000 523.000000 0 277.000000 524.000000 0 4.000000 9.000000 0 4.000000 11.000000 0 278.000000 524.000000 0 11.000000 12.000000
00114 10 0 9.000000 9.000000 0 281.000000 524.000000 0 277.000000 525.000000 0 277.000000 521.000000 0 280.000000 521.000000 0 277.000000 524.000000 0 280.000000 520.000000 0 279.000000 521.000000 0 277.000000 526.000000 0 4.000000 9.000000
00115 10 0 9.000000 9.000000 0 281.000000 524.000000 0 13.000000 10.000000 0 12.000000 12.000000 0 11.000000 12.000000 0 277.000000 523.000000 0 277.000000 519.000000 0 277.000000 526.000000 0 277.000000 524.000000 0 278.000000 524.000000
00116 10 0 9.000000 9.000000 0 281.000000 524.000000 0 277.000000 526.000000 0 277.000000 524.000000 0 277.000000 523.000000 0 13.000000 10.000000 0 12.000000 12.000000 0 11.000000 12.000000 0 4.000000 9.000000 0 279.000000 521.000000
00117 10 0 9.000000 9.000000 0 281.000000 524.000000 0 277.000000 526.000000 0 12.000000 12.000000 0 9.000000 3.000000 0 4.000000 3.000000 0 278.000000 524.000000 0 279.000000 521.000000 0 277.000000 521.000000 0 4.000000 9.000000
00118 10 0 281.000000 524.000000 0 9.000000 9.000000 0 277.000000 524.000000 0 277.000000 521.000000 0 4.000000 9.000000 0 277.000000 523.000000 0 280.000000 521.000000 0 4.000000 3.000000 0 13.000000 10.000000 0 9.000000 3.000000
00119 10 0 281.000000 524.000000 0 9.000000 9.000000 0 4.000000 9.000000 0 277.000000 524.000000 0 280.000000 521.000000 0 277.000000 521.000000 0 280.000000 520.000000 0 12.000000 12.000000 0 11.000000 12.000000 0 12.000000 11.000000
00120 10 0 281.000000 524.000000 0 9.000000 9.000000 0 277.000000 521.000000 0 4.000000 11.000000 0 278.000000 524.000000 0 278.000000 523.000000 0 9.000000 3.000000 0 277.000000 523.000000 0 4.000000 9.000000 0 279.000000 521.000000
00121 10 0 281.000000 524.000000 0 9.000000 9.000000 0 278.000000 526.000000 0 280.000000 520.000000 0 278.000000 523.000000 0 277.000000 522.000000 0 279.000000 521.000000 0 278.000000 525.000000 0 277.000000 521.000000 0 280.000000 521.000000
00122 10 0 281.000000 524.000000 0 9.000000 9.000000 0 9.000000 3.000000 0 278.000000 525.000000 0 277.000000 523.000000 0 4.000000 11.000000 0 277.000000 522.000000 0 280.000000 520.000000 0 277.000000 521.000000 0 4.000000 9.000000
00123 10 0 9.000000 9.000000 0 281.000000 524.000000 0 277.000000 521.000000 0 9.000000 3.000000 0 4.000000 9.000000 0 277.000000 522.000000 0 277.000000 523.000000 0 277.000000 524.000000 0 13.000000 11.000000 0 4.000000 11.000000
00124 10 0 281.000000 524.000000 0 9.000000 9.000000 0 278.000000 524.000000 0 280.000000 521.000000 0 277.000000 523.000000 0 277.000000 522.000000 0 280.000000 520.000000 0 278.000000 525.000000 0 4.000000 3.000000 0 277.000000 524.000000
00125 10 0 9.000000 9.000000 0 281.000000 524.000000 0 279.000000 521.000000 0 277.000000 524.000000 0 277.000000 521.000000 0 277.000000 523.000000 0 12.000000 11.000000 0 11.000000 6.000000 0 280.000000 521.000000 0 13.000000 8.000000
00126 10 0 9.000000 9.000000 0 281.000000 524.000000 0 277.000000 525.000000 0 277.000000 521.000000 0 279.000000 521.000000 0 280.000000 521.000000 0 280.000000 520.000000 0 4.000000 9.000000 0 4.000000 11.000000 0 9.000000 3.000000
00127 10 0 9.000000 9.000000 0 281.000000 524.000000 0 277.000000 522.000000 0 280.000000 520.000000 0 278.000000 523.000000 0 277.000000 523.000000 0 277.000000 521.000000 0 278.000000 524.000000 0 11.000000 12.000000 0 4.000000 9.000000
00128 10 0 9.000000 9.000000 0 281.000000 524.000000 0 11.000000 3.000000 0 278.000000 523.000000 0 280.000000 520.000000 0 277.000000 522.000000 0 279.000000 521.000000 0 278.000000 522.000000 0 13.000000 10.000000 0 9.000000 3.000000
00129 10 0 281.000000 524.000000 0 9.000000 9.000000 0 280.000000 520.000000 0 277.000000 522.000000 0 9.000000 3.000000 0 277.000000 523.000000 0 277.000000 524.000000 0 277.000000 521.000000 0 11.000000 12.000000 0 4.000000 9.000000
00130 10 0 281.000000 524.000000 0 9.000000 9.000000 0 11.000000 3.000000 0 9.000000 3.000000 0 280.000000 520.000000 0 11.000000 12.000000 0 13.000000 10.000000 0 12.000000 12.000000 0 277.000000 522.000000 0 13.000000 11.000000
00131 10 0 9.000000 9.000000 0 281.000000 524.000000 0 277.000000 525.000000 0 13.000000 10.000000 0 4.000000 9.000000 0 279.000000 521.000000 0 280.000000 520.000000 0 277.000000 521.000000 0 11.000000 4.000000 0 12.000000 12.000000
00132 10 0 9.000000 9.000000 0 281.000000 524.000000 0 13.000000 11.000000 0 11.000000 4.000000 0 11.000000 3.000000 0 12.000000 12.000000 0 277.000000 521.000000 0 9.000000 3.000000 0 4.000000 9.000000 0 278.000000 526.000000
00133 10 0 281.000000 524.000000 0 9.000000 9.000000 0 11.000000 12.000000 0 12.000000 4.000000 0 11.000000 4.000000 0 277.000000 523.000000 0 13.000000 5.000000 0 277.000000 521.000000 0 278.000000 526.000000 0 278.000000 523.000000
00134 10 0 281.000000 524.000000 0 9.000000 9.000000 0 11.000000 3.000000 0 5.000000 3.000000 0 12.000000 12.000000 0 11.000000 12.000000 0 11.000000 14.000000 0 4.000000 9.000000 0 9.000000 3.000000 0 12.000000 0.000000
00135 10 0 9.000000 9.000000 0 281.000000 524.000000 0 11.000000 3.000000 0 9.000000 3.000000 0 277.000000 523.000000 0 277.000000 524.000000 0 278.000000 523.000000 0 11.000000 12.000000 0 5.000000 3.000000 0 11.000000 14.000000
00136 10 0 9.000000 9.000000 0 281.000000 524.000000 0 5.000000 3.000000 0 12.000000 12.000000 0 11.000000 12.000000 0 4.000000 11.000000 0 11.000000 4.000000 0 277.000000 524.000000 0 11.000000 14.000000 0 9.000000 3.000000
00137 10 0 281.000000 524.000000 0 9.000000 9.000000 0 9.000000 3.000000 0 280.000000 521.000000 0 4.000000 9.000000 0 11.000000 3.000000 0 277.000000 524.000000 0 12.000000 12.000000 0 11.000000 14.000000 0 277.000000 522.000000
00138 10 0 9.000000 9.000000 0 281.000000 524.000000 0 280.000000 521.000000 0 277.000000 521.000000 0 11.000000 14.000000 0 13.000000 14.000000 0 11.000000 1.000000 0 279.000000 521.000000 0 4.000000 11.000000 0 11.000000 3.000000
00139 10 0 9.000000 9.000000 0 281.000000 524.000000 0 13.000000 11.000000 0 11.000000 14.000000 0 13.000000 10.000000 0 280.000000 527.000000 0 11.000000 12.000000 0 12.000000 9.000000 0 277.000000 524.000000 0 277.000000 523.000000
00140 10 0 9.000000 9.000000 0 281.000000 524.000000 0 12.000000 4.000000 0 277.000000 523.000000 0 13.000000 14.000000 0 11.000000 4.000000 0 5.000000 3.000000 0 13.000000 5.000000 0 11.000000 6.000000 0 9.000000 3.000000
00141 10 0 9.000000 9.000000 0 281.000000 524.000000 0 11.000000 1.000000 0 11.000000 4.000000 0 12.000000 4.000000 0 4.000000 9.000000 0 277.000000 524.000000 0 278.000000 526.000000 0 277.000000 525.000000 0 278.000000 525.000000
00142 10 0 9.000000 9.000000 0 281.000000 524.000000 0 278.000000 524.000000 0 278.000000 525.000000 0 278.000000 523.000000 0 277.000000 524.000000 0 280.000000 520.000000 0 279.000000 521.000000 0 277.000000 522.000000 0 4.000000 11.000000
00143 10 0 9.000000 9.000000 0 281.000000 524.000000 0 11.000000 3.000000 0 278.000000 525.000000 0 277.000000 524.000000 0 278.000000 524.000000 0 12.000000 4.000000 0 9.000000 3.000000 0 5.000000 3.000000 0 11.000000 4.000000
00144 10 0 9.000000 9.000000 0 281.000000 524.000000 0 11.000000 1.000000 0 11.000000 3.000000 0 4.000000 3.000000 0 5.000000 3.000000 0 9.000000 3.000000 0 11.000000 6.000000 0 13.000000 5.000000 0 11.000000 4.000000
00145 10 0 9.000000 9.000000 0 281.000000 524.000000 0 9.000000 3.000000 0 4.000000 9.000000 0 11.000000 6.000000 0 11.000000 3.000000 0 278.000000 524.000000 0 13.000000 5.000000 0 12.000000 12.000000 0 4.000000 11.000000
00146 10 0 9.000000 9.000000 0 281.000000 524.000000 0 11.000000 6.000000 0 5.000000 3.000000 0 9.000000 3.000000 0 11.000000 3.000000 0 4.000000 3.000000 0 12.000000 9.000000 0 280.000000 520.000000 0 280.000000 527.000000
00147 10 0 281.000000 524.000000 0 9.000000 9.000000 0 9.000000 3.000000 0 11.000000 6.000000 0 13.000000 5.000000 0 11.000000 4.000000 0 4.000000 4.000000 0 4.000000 3.000000 0 11.000000 3.000000 0 11.000000 12.000000
00148 10 0 281.000000 524.000000 0 9.000000 9.000000 0 9.000000 3.000000 0 4.000000 2.000000 0 9.000000 2.000000 0 4.000000 3.000000 0 5.000000 3.000000 0 281.000000 521.000000 0 4.000000 11.000000 0 12.000000 12.000000
00149 10 0 9.000000 9.000000 0 281.000000 524.000000 0 4.000000 4.000000 0 12.000000 4.000000 0 11.000000 4.000000 0 4.000000 3.000000 0 9.000000 4.000000 0 11.000000 3.000000 0 13.000000 5.000000 0 12.000000 6.000000
00150 10 0 9.000000 9.000000 0 281.000000 524.000000 0 11.000000 4.000000 0 13.000000 5.000000 0 4.000000 4.000000 0 280.000000 521.000000 0 4.000000 2.000000 0 4.000000 11.000000 0 11.000000 12.000000 0 4.000000 9.000000
00151 10 0 281.000000 524.000000 0 11.000000 9.000000 0 9.000000 9.000000 0 11.000000 3.000000 0 11.000000 6.000000 0 12.000000 4.000000 0 4.000000 3.000000 0 9.000000 3.000000 0 12.000000 6.000000 0 280.000000 521.000000
00152 10 0 281.000000 524.000000 0 11.000000 9.000000 0 9.000000 9.000000 0 11.000000 14.000000 0 13.000000 14.000000 0 12.000000 4.000000 0 11.000000 4.000000 0 12.000000 16.000000 0 12.000000 12.000000 0 11.000000 3.000000
00153 10 0 11.000000 9.000000 0 9.000000 9.000000 0 281.000000 524.000000 0 11.000000 14.000000 0 13.000000 14.000000 0 11.000000 12.000000 0 12.000000 13.000000 0 11.000000 3.000000 0 9.000000 3.000000 0 4.000000 9.000000
00154 10 0 9.000000 9.000000 0 11.000000 9.000000 0 281.000000 524.000000 0 11.000000 14.000000 0 4.000000 2.000000 0 13.000000 14.000000 0 4.000000 11.000000 0 12.000000 4.000000 0 11.000000 4.000000 0 9.000000 3.000000
00155 10 0 281.000000 524.000000 0 9.000000 9.000000 0 11.000000 9.000000 0 12.000000 4.000000 0 9.000000 3.000000 0 13.000000 5.000000 0 11.000000 6.000000 0 280.000000 521.000000 0 13.000000 14.000000 0 4.000000 9.000000
00156 10 0 281.000000 524.000000 0 11.000000 9.000000 0 9.000000 9.000000 0 12.000000 4.000000 0 11.000000 13.000000 0 12.000000 13.000000 0 13.000000 14.000000 0 4.000000 9.000000 0 11.000000 6.000000 0 13.000000 5.000000
00157 10 0 281.000000 524.000000 0 9.000000 9.000000 0 11.000000 4.000000 0 11.000000 3.000000 0 13.000000 5.000000 0 9.000000 3.000000 0 11.000000 6.000000 0 4.000000 9.000000 0 12.000000 13.000000 0 4.000000 3.000000
00158 10 0 9.000000 9.000000 0 11.000000 9.000000 0 281.000000 524.000000 0 9.000000 3.000000 0 281.000000 521.000000 0 280.000000 521.000000 0 11.000000 4.000000 0 4.000000 9.000000 0 12.000000 12.000000 0 4.000000 11.000000
00159 10 0 281.000000 524.000000 0 9.000000 9.000000 0 11.000000 9.000000 0 11.000000 4.000000 0 11.000000 3.000000 0 9.000000 3.000000 0 14.000000 11.000000 0 4.000000 9.000000 0 12.000000 12.000000 0 11.000000 12.000000
00160 10 0 281.000000 524.000000 0 9.000000 9.000000 0 11.000000 3.000000 0 4.000000 3.000000 0 9.000000 3.000000 0 11.000000 6.000000 0 12.000000 6.000000 0 11.000000 4.000000 0 9.000000 4.000000 0 4.000000 9.000000
00161 10 0 281.000000 524.000000 0 9.000000 9.000000 0 5.000000 8.000000 0 13.000000 5.000000 0 4.000000 11.000000 0 4.000000 9.000000 0 11.000000 6.000000 0 11.000000 13.000000 0 12.000000 13.000000 0 11.000000 3.000000
00162 10 0 281.000000 524.000000 0 9.000000 9.000000 0 12.000000 4.000000 0 11.000000 6.000000 0 11.000000 1.000000 0 11.000000 4.000000 0 5.000000 8.000000 0 4.000000 9.000000 0 4.000000 3.000000 0 9.000000 3.000000
00163 10 0 281.000000 524.000000 0 9.000000 9.000000 0 12.000000 13.000000 0 11.000000 4.000000 0 9.000000 3.000000 0 4.000000 3.000000 0 12.000000 4.000000 0 12.000000 12.000000 0 4.000000 2.000000 0 4.000000 9.000000
00164 10 0 281.000000 524.000000 0 9.000000 9.000000 0 4.000000 11.000000 0 13.000000 11.000000 0 4.000000 9.000000 0 13.000000 10.000000 0 12.000000 13.000000 0 12.000000 12.000000 0 11.000000 12.000000 0 9.000000 3.000000
00165 10 0 281.000000 524.000000 0 9.000000 9.000000 0 4.000000 9.000000 0 9.000000 3.000000 0 5.000000 3.000000 0 12.000000 12.000000 0 11.000000 14.000000 0 11.000000 12.000000 0 4.000000 11.000000 0 280.000000 521.000000
00166 10 0 9.000000 9.000000 0 281.000000 524.000000 0 4.000000 2.000000 0 5.000000 8.000000 0 11.000000 14.000000 0 13.000000 14.000000 0 14.000000 11.000000 0 4.000000 11.000000 0 11.000000 4.000000 0 5.000000 3.000000
00167 10 0 9.000000 9.000000 0 281.000000 524.000000 0 11.000000 14.000000 0 4.000000 11.000000 0 12.000000 13.000000 0 4.000000 9.000000 0 11.000000 12.000000 0 12.000000 12.000000 0 9.000000 3.000000 0 4.000000 3.000000
00168 10 0 9.000000 9.000000 0 281.000000 524.000000 0 4.000000 3.000000 0 11.000000 3.000000 0 14.000000 11.000000 0 4.000000 9.000000 0 4.000000 11.000000 0 9.000000 3.000000 0 13.000000 14.000000 0 11.000000 12.000000
00169 10 0 9.000000 9.000000 0 281.000000 524.000000 0 11.000000 3.000000 0 4.000000 9.000000 0 9.000000 3.000000 0 13.000000 2.000000 0 11.000000 12.000000 0 11.000000 6.000000 0 13.000000 12.000000 0 280.000000 521.000000
00170 10 0 281.000000 524.000000 0 9.000000 9.000000 0 11.000000 4.000000 0 28.000000 0.000000 0 12.000000 4.000000 0 280.000000 520.000000 0 280.000000 521.000000 0 11.000000 1.000000 0 13.000000 8.000000 0 11.000000 6.000000
00171 10 0 281.000000 524.000000 0 9.000000 9.000000 0 281.000000 521.000000 0 280.000000 521.000000 0 280.000000 520.000000 0 11.000000 4.000000 0 4.000000 9.000000 0 4.000000 11.000000 0 11.000000 6.000000 0 13.000000 14.000000
00172 10 0 281.000000 524.000000 0 9.000000 9.000000 0 28.000000 0.000000 0 11.000000 1.000000 0 9.000000 3.000000 0 12.000000 11.000000 0 13.000000 9.000000 0 13.000000 10.000000 0 5.000000 3.000000 0 11.000000 3.000000
00173 10 0 9.000000 9.000000 0 281.000000 524.000000 0 11.000000 1.000000 0 280.000000 521.000000 0 5.000000 3.000000 0 13.000000 14.000000 0 4.000000 9.000000 0 12.000000 8.000000 0 13.000000 11.000000 0 13.000000 7.000000
00174 10 0 281.000000 524.000000 0 9.000000 9.000000 0 11.000000 4.000000 0 11.000000 6.000000 0 4.000000 4.000000 0 13.000000 5.000000 0 11.000000 1.000000 0 4.000000 3.000000 0 4.000000 2.000000 0 9.000000 2.000000
00175 10 0 9.000000 9.000000 0 281.000000 524.000000 0 11.000000 4.000000 0 9.000000 3.000000 0 11.000000 3.000000 0 13.000000 4.000000 0 11.000000 1.000000 0 11.000000 12.000000 0 11.000000 6.000000 0 4.000000 2.000000
00176 10 0 281.000000 524.000000 0 9.000000 9.000000 0 11.000000 1.000000 0 4.000000 9.000000 0 13.000000 12.000000 0 9.000000 3.000000 0 11.000000 4.000000 0 12.000000 12.000000 0 11.000000 12.000000 0 13.000000 14.000000
00177 10 0 281.000000 524.000000 0 9.000000 9.000000 0 11.000000 3.000000 0 9.000000 2.000000 0 4.000000 4.000000 0 280.000000 520.000000 0 9.000000 3.000000 0 11.000000 4.000000 0 11.000000 6.000000 0 12.000000 6.000000
00178 10 0 9.000000 9.000000 0 281.000000 524.000000 0 11.000000 3.000000 0 9.000000 3.000000 0 11.000000 12.000000 0 12.000000 6.000000 0 9.000000 2.000000 0 12.000000 12.000000 0 4.000000 3.000000 0 4.000000 4.000000
00179 10 0 281.000000 524.000000 0 9.000000 9.000000 0 11.000000 1.000000 0 9.000000 3.000000 0 12.000000 6.000000 0 11.000000 4.000000 0 4.000000 9.000000 0 280.000000 520.000000 0 11.000000 6.000000 0 12.000000 12.000000
00180 10 0 281.000000 524.000000 0 9.000000 9.000000 0 11.000000 3.000000 0 280.000000 521.000000 0 11.000000 1.000000 0 4.000000 3.000000 0 12.000000 12.000000 0 12.000000 13.000000 0 10.000000 13.000000 0 4.000000 11.000000
00181 10 0 9.000000 9.000000 0 281.000000 524.000000 0 280.000000 521.000000 0 4.000000 3.000000 0 10.000000 5.000000 0 280.000000 520.000000 0 11.000000 4.000000 0 5.000000 3.000000 0 11.000000 1.000000 0 12.000000 12.000000
00182 10 0 281.000000 524.000000 0 9.000000 9.000000 0 4.000000 4.000000 0 11.000000 6.000000 0 4.000000 2.000000 0 11.000000 3.000000 0 5.000000 3.000000 0 11.000000 4.000000 0 280.000000 521.000000 0 10.000000 5.000000
00183 10 0 9.000000 9.000000 0 281.000000 524.000000 0 4.000000 3.000000 0 5.000000 3.000000 0 11.000000 3.000000 0 13.000000 0.000000 0 4.000000 11.000000 0 4.000000 9.000000 0 9.000000 3.000000 0 11.000000 4.000000
00184 10 0 9.000000 9.000000 0 281.000000 524.000000 0 9.000000 3.000000 0 13.000000 2.000000 0 11.000000 12.000000 0 10.000000 13.000000 0 12.000000 12.000000 0 12.000000 0.000000 0 13.000000 0.000000 0 11.000000 0.000000
00185 10 0 9.000000 9.000000 0 281.000000 524.000000 0 11.000000 1.000000 0 11.000000 12.000000 0 11.000000 0.000000 0 12.000000 0.000000 0 13.000000 12.000000 0 13.000000 5.000000 0 12.000000 6.000000 0 10.000000 13.000000
00186 10 0 9.000000 9.000000 0 281.000000 524.000000 0 4.000000 3.000000 0 11.000000 0.000000 0 11.000000 4.000000 0 280.000000 521.000000 0 11.000000 6.000000 0 12.000000 0.000000 0 12.000000 6.000000 0 4.000000 9.000000
00187 10 0 281.000000 524.000000 0 9.000000 9.000000 0 11.000000 0.000000 0 11.000000 1.000000 0 11.000000 14.000000 0 11.000000 3.000000 0 12.000000 12.000000 0 12.000000 13.000000 0 10.000000 13.000000 0 4.000000 11.000000
00188 10 0 9.000000 9.000000 0 281.000000 524.000000 0 12.000000 12.000000 0 11.000000 0.000000 0 11.000000 12.000000 0 5.000000 3.000000 0 4.000000 3.000000 0 11.000000 13.000000 0 11.000000 4.000000 0 11.000000 3.000000
00189 10 0 281.000000 524.000000 0 9.000000 9.000000 0 11.000000 6.000000 0 13.000000 4.000000 0 4.000000 4.000000 0 11.000000 1.000000 0 11.000000 4.000000 0 13.000000 5.000000 0 4.000000 9.000000 0 4.000000 3.000000
00190 10 0 9.000000 9.000000 0 281.000000 524.000000 0 9.000000 3.000000 0 11.000000 6.000000 0 12.000000 0.000000 0 13.000000 2.000000 0 11.000000 2.000000 0 12.000000 2.000000 0 4.000000 4.000000 0 11.000000 3.000000
00191 10 0 281.000000 524.000000 0 9.000000 9.000000 0 12.000000 2.000000 0 4.000000 3.000000 0 11.000000 1.000000 0 13.000000 5.000000 0 11.000000 14.000000 0 12.000000 13.000000 0 12.000000 12.000000 0 280.000000 521.000000
00192 10 0 281.000000 524.000000 0 9.000000 9.000000 0 12.000000 13.000000 0 11.000000 14.000000 0 9.000000 2.000000 0 13.000000 2.000000 0 13.000000 5.000000 0 11.000000 6.000000 0 4.000000 9.000000 0 10.000000 13.000000
00193 10 0 9.000000 9.000000 0 281.000000 524.000000 0 13.000000 5.000000 0 12.000000 13.000000 0 11.000000 6.000000 0 12.000000 0.000000 0 12.000000 12.000000 0 11.000000 1.000000 0 11.000000 12.000000 0 4.000000 9.000000
00194 10 0 9.000000 9.000000 0 281.000000 524.000000 0 11.000000 1.000000 0 11.000000 4.000000 0 13.000000 2.000000 0 12.000000 3.000000 0 13.000000 5.000000 0 12.000000 12.000000 0 11.000000 6.000000 0 11.000000 12.000000
00195 10 0 281.000000 524.000000 0 9.000000 9.000000 0 12.000000 3.000000 0 11.000000 4.000000 0 11.000000 2.000000 0 11.000000 15.000000 0 12.000000 0.000000 0 12.000000 13.000000 0 13.000000 14.000000 0 12.000000 4.000000
00196 10 0 9.000000 9.000000 0 281.000000 524.000000 0 12.000000 3.000000 0 11.000000 1.000000 0 12.000000 12.000000 0 11.000000 14.000000 0 12.000000 1.000000 0 13.000000 1.000000 0 13.000000 2.000000 0 13.000000 4.000000
00197 10 0 9.000000 9.000000 0 281.000000 524.000000 0 13.000000 5.000000 0 9.000000 3.000000 0 11.000000 13.000000 0 10.000000 13.000000 0 11.000000 1.000000 0 11.000000 6.000000 0 12.000000 6.000000 0 11.000000 12.000000
00198 10 0 281.000000 524.000000 0 9.000000 9.000000 0 9.000000 2.000000 0 12.000000 6.000000 0 11.000000 6.000000 0 11.000000 3.000000 0 9.000000 3.000000 0 10.000000 5.000000 0 13.000000 5.000000 0 11.000000 12.000000
00199 10 0 281.000000 524.000000 0 9.000000 9.000000 0 9.000000 2.000000 0 4.000000 9.000000 0 11.000000 1.000000 0 12.000000 12.000000 0 12.000000 4.000000 0 8.000000 19.000000 0 9.000000 3.000000 0 12.000000 3.000000
00200 10 0 281.000000 524.000000 0 9.000000 9.000000 0 4.000000 2.000000 0 12.000000 0.000000 0 12.000000 6.000000 0 11.000000 6.000000 0 11.000000 3.000000 0 11.000000 1.000000 0 11.000000 13.000000 0 4.000000 11.000000
00201 10 0 281.000000 524.000000 0 11.000000 9.000000 0 9.000000 9.000000 0 4.000000 2.000000 0 11.000000 1.000000 0 11.000000 4.000000 0 11.000000 12.000000 0 10.000000 13.000000 0 12.000000 13.000000 0 12.000000 12.000000
00202 10 0 281.000000 524.000000 0 9.000000 9.000000 0 13.000000 11.000000 0 12.000000 1.000000 0 280.000000 527.000000 0 4.000000 3.000000 0 13.000000 14.000000 0 11.000000 14.000000 0 10.000000 13.000000 0 11.000000 4.000000
00203 10 0 9.000000 9.000000 0 281.000000 524.000000 0 5.000000 3.000000 0 4.000000 3.000000 0 11.000000 1.000000 0 11.000000 6.000000 0 4.000000 9.000000 0 11.000000 12.000000 0 12.000000 12.000000 0 12.000000 6.000000
00204 10 0 9.000000 9.000000 0 281.000000 524.000000 0 9.000000 2.000000 0 12.000000 13.000000 0 11.000000 14.000000 0 13.000000 14.000000 0 11.000000 6.000000 0 4.000000 9.000000 0 13.000000 5.000000 0 12.000000 6.000000
00205 10 0 281.000000 524.000000 0 9.000000 9.000000 0 11.000000 3.000000 0 9.000000 3.000000 0 11.000000 6.000000 0 13.000000 5.000000 0 12.000000 1.000000 0 9.000000 4.000000 0 4.000000 2.000000 0 12.000000 0.000000
00206 10 0 9.000000 9.000000 0 281.000000 524.000000 0 12.000000 0.000000 0 10.000000 1.000000 0 11.000000 1.000000 0 11.000000 0.000000 0 4.000000 0.000000 0 9.000000 4.000000 0 5.000000 3.000000 0 4.000000 3.000000
00207 10 0 9.000000 9.000000 0 281.000000 524.000000 0 10.000000 1.000000 0 11.000000 4.000000 0 9.000000 4.000000 0 4.000000 4.000000 0 4.000000 2.000000 0 4.000000 3.000000 0 11.000000 3.000000 0 9.000000 3.000000
00208 10 0 9.000000 9.000000 0 281.000000 524.000000 0 11.000000 6.000000 0 11.000000 0.000000 0 12.000000 0.000000 0 13.000000 14.000000 0 13.000000 2.000000 0 4.000000 4.000000 0 11.000000 1.000000 0 12.000000 12.000000
00209 10 0 9.000000 9.000000 0 281.000000 524.000000 0 11.000000 1.000000 0 13.000000 2.000000 0 10.000000 1.000000 0 12.000000 2.000000 0 9.000000 2.000000 0 4.000000 2.000000 0 10.000000 13.000000 0 12.000000 13.000000
00210 10 0 9.000000 9.000000 0 281.000000 524.000000 0 9.000000 3.000000 0 13.000000 14.000000 0 12.000000 13.000000 0 11.000000 4.000000 0 11.000000 0.000000 0 4.000000 3.000000 0 11.000000 6.000000 0 11.000000 3.000000
00211 10 0 281.000000 524.000000 0 9.000000 9.000000 0 12.000000 0.000000 0 10.000000 1.000000 0 4.000000 3.000000 0 13.000000 5.000000 0 11.000000 1.000000 0 12.000000 4.000000 0 12.000000 12.000000 0 13.000000 2.000000
00212 10 0 281.000000 524.000000 0 9.000000 9.000000 0 9.000000 3.000000 0 4.000000 3.000000 0 5.000000 3.000000 0 13.000000 14.000000 0 11.000000 14.000000 0 11.000000 1.000000 0 12.000000 0.000000 0 10.000000 13.000000
00213 10 0 281.000000 524.000000 0 9.000000 9.000000 0 11.000000 3.000000 0 13.000000 12.000000 0 12.000000 4.000000 0 5.000000 3.000000 0 9.000000 3.000000 0 12.000000 12.000000 0 12.000000 6.000000 0 4.000000 3.000000
00214 10 0 281.000000 524.000000 0 11.000000 9.000000 0 9.000000 9.000000 0 10.000000 13.000000 0 4.000000 2.000000 0 9.000000 2.000000 0 16.000000 2.000000 0 11.000000 12.000000 0 11.000000 4.000000 0 12.000000 4.000000
00215 10 0 281.000000 524.000000 0 9.000000 9.000000 0 11.000000 0.000000 0 13.000000 1.000000 0 5.000000 3.000000 0 12.000000 0.000000 0 28.000000 0.000000 0 13.000000 5.000000 0 11.000000 12.000000 0 4.000000 9.000000
00216 10 0 9.000000 9.000000 0 281.000000 524.000000 0 12.000000 1.000000 0 13.000000 1.000000 0 8.000000 19.000000 0 12.000000 0.000000 0 11.000000 1.000000 0 10.000000 13.000000 0 4.000000 9.000000 0 11.000000 12.000000
00217 10 0 281.000000 524.000000 0 9.000000 9.000000 0 11.000000 3.000000 0 5.000000 3.000000 0 11.000000 1.000000 0 4.000000 3.000000 0 11.000000 6.000000 0 12.000000 12.000000 0 11.000000 0.000000 0 12.000000 1.000000
00218 10 0 281.000000 524.000000 0 9.000000 9.000000 0 11.000000 0.000000 0 12.000000 4.000000 0 11.000000 4.000000 0 11.000000 6.000000 0 12.000000 6.000000 0 13.000000 1.000000 0 4.000000 9.000000 0 5.000000 3.000000
00219 10 0 281.000000 524.000000 0 9.000000 9.000000 0 12.000000 6.000000 0 11.000000 3.000000 0 4.000000 11.000000 0 11.000000 6.000000 0 13.000000 5.000000 0 11.000000 1.000000 0 12.000000 0.000000 0 11.000000 0.000000
00220 10 0 9.000000 9.000000 0 281.000000 524.000000 0 4.000000 3.000000 0 11.000000 0.000000 0 9.000000 3.000000 0 5.000000 3.000000 0 12.000000 6.000000 0 11.000000 3.000000 0 12.000000 0.000000 0 11.000000 14.000000
00221 10 0 9.000000 9.000000 0 11.000000 9.000000 0 281.000000 524.000000 0 12.000000 3.000000 0 4.000000 3.000000 0 12.000000 4.000000 0 9.000000 3.000000 0 11.000000 4.000000 0 11.000000 3.000000 0 10.000000 13.000000
00222 10 0 11.000000 9.000000 0 9.000000 9.000000 0 281.000000 524.000000 0 9.000000 3.000000 0 11.000000 3.000000 0 11.000000 6.000000 0 12.000000 6.000000 0 5.000000 3.000000 0 13.000000 1.000000 0 4.000000 3.000000
00223 10 0 9.000000 9.000000 0 11.000000 9.000000 0 11.000000 1.000000 0 13.000000 1.000000 0 4.000000 2.000000 0 4.000000 9.000000 0 4.000000 3.000000 0 5.000000 3.000000 0 28.000000 0.000000 0 11.000000 3.000000
00224 10 0 11.000000 9.000000 0 9.000000 9.000000 0 281.000000 524.000000 0 13.000000 1.000000 0 4.000000 4.000000 0 11.000000 4.000000 0 4.000000 3.000000 0 13.000000 14.000000 0 9.000000 3.000000 0 11.000000 3.000000
00225 10 0 11.000000 9.000000 0 9.000000 9.000000 0 281.000000 524.000000 0 11.000000 4.000000 0 13.000000 5.000000 0 11.000000 3.000000 0 9.000000 3.000000 0 9.000000 2.000000 0 4.000000 2.000000 0 12.000000 0.000000
00226 10 0 11.000000 9.000000 0 9.000000 9.000000 0 281.000000 524.000000 0 12.000000 6.000000 0 10.000000 13.000000 0 13.000000 14.000000 0 4.000000 11.000000 0 10.000000 5.000000 0 28.000000 0.000000 0 9.000000 2.000000
00227 10 0 281.000000 524.000000 0 11.000000 9.000000 0 9.000000 9.000000 0 9.000000 2.000000 0 4.000000 0.000000 0 13.000000 5.000000 0 12.000000 12.000000 0 10.000000 5.000000 0 11.000000 0.000000 0 10.000000 1.000000
00228 10 0 9.000000 9.000000 0 11.000000 9.000000 0 281.000000 524.000000 0 5.000000 3.000000 0 11.000000 0.000000 0 10.000000 13.000000 0 11.000000 1.000000 0 13.000000 5.000000 0 4.000000 9.000000 0 9.000000 3.000000
00229 10 0 281.000000 524.000000 0 11.000000 9.000000 0 9.000000 9.000000 0 9.000000 3.000000 0 4.000000 9.000000 0 280.000000 527.000000 0 11.000000 13.000000 0 10.000000 13.000000 0 9.000000 13.000000 0 11.000000 6.000000
00230 10 0 9.000000 9.000000 0 11.000000 9.000000 0 281.000000 524.000000 0 9.000000 2.000000 0 16.000000 2.000000 0 9.000000 3.000000 0 11.000000 0.000000 0 11.000000 1.000000 0 4.000000 9.000000 0 10.000000 1.000000
00231 10 0 281.000000 524.000000 0 9.000000 9.000000 0 9.000000 4.000000 0 4.000000 4.000000 0 10.000000 5.000000 0 13.000000 5.000000 0 13.000000 1.000000 0 11.000000 1.000000 0 27.000000 1.000000 0 9.000000 2.000000
00232 10 0 281.000000 524.000000 0 9.000000 9.000000 0 11.000000 9.000000 0 12.000000 6.000000 0 11.000000 6.000000 0 4.000000 0.000000 0 4.000000 4.000000 0 12.000000 16.000000 0 12.000000 15.000000 0 12.000000 13.000000
00233 10 0 9.000000 9.000000 0 281.000000 524.000000 0 11.000000 9.000000 0 10.000000 1.000000 0 4.000000 9.000000 0 4.000000 2.000000 0 11.000000 2.000000 0 5.000000 3.000000 0 9.000000 3.000000 0 11.000000 3.000000
00234 10 0 281.000000 524.000000 0 9.000000 9.000000 0 11.000000 0.000000 0 5.000000 3.000000 0 12.000000 0.000000 0 4.000000 3.000000 0 11.000000 6.000000 0 4.000000 0.000000 0 12.000000 16.000000 0 11.000000 4.000000
00235 10 0 9.000000 9.000000 0 281.000000 524.000000 0 13.000000 0.000000 0 11.000000 6.000000 0 10.000000 5.000000 0 12.000000 0.000000 0 11.000000 0.000000 0 4.000000 2.000000 0 4.000000 9.000000 0 11.000000 2.000000
00236 10 0 281.000000 524.000000 0 9.000000 9.000000 0 4.000000 9.000000 0 13.000000 0.000000 0 4.000000 3.000000 0 11.000000 12.000000 0 4.000000 13.000000 0 8.000000 4.000000 0 11.000000 13.000000 0 10.000000 13.000000
00237 10 0 9.000000 9.000000 0 281.000000 524.000000 0 12.000000 0.000000 0 9.000000 3.000000 0 11.000000 1.000000 0 4.000000 3.000000 0 11.000000 3.000000 0 11.000000 6.000000 0 11.000000 0.000000 0 5.000000 3.000000
00238 10 0 9.000000 9.000000 0 281.000000 524.000000 0 12.000000 0.000000 0 5.000000 3.000000 0 11.000000 0.000000 0 4.000000 11.000000 0 13.000000 14.000000 0 12.000000 12.000000 0 11.000000 12.000000 0 11.000000 3.000000
00239 10 0 9.000000 9.000000 0 11.000000 9.000000 0 281.000000 524.000000 0 28.000000 0.000000 0 13.000000 2.000000 0 8.000000 19.000000 0 14.000000 1.000000 0 4.000000 2.000000 0 11.000000 0.000000 0 11.000000 6.000000
00240 10 0 281.000000 524.000000 0 9.000000 9.000000 0 12.000000 4.000000 0 14.000000 1.000000 0 11.000000 4.000000 0 10.000000 5.000000 0 11.000000 6.000000 0 12.000000 6.000000 0 13.000000 1.000000 0 11.000000 1.000000
00241 10 0 9.000000 9.000000 0 281.000000 524.000000 0 11.000000 6.000000 0 12.000000 6.000000 0 11.000000 4.000000 0 11.000000 14.000000 0 13.000000 14.000000 0 10.000000 14.000000 0 10.000000 1.000000 0 11.000000 1.000000
00242 10 0 9.000000 9.000000 0 281.000000 524.000000 0 4.000000 2.000000 0 11.000000 0.000000 0 13.000000 2.000000 0 9.000000 2.000000 0 12.000000 0.000000 0 10.000000 5.000000 0 11.000000 4.000000 0 9.000000 4.000000
00243 10 0 9.000000 9.000000 0 281.000000 524.000000 0 11.000000 3.000000 0 9.000000 3.000000 0 12.000000 3.000000 0 9.000000 2.000000 0 4.000000 3.000000 0 5.000000 3.000000 0 11.000000 1.000000 0 28.000000 0.000000
00244 10 0 9.000000 9.000000 0 281.000000 524.000000 0 13.000000 2.000000 0 12.000000 1.000000 0 4.000000 3.000000 0 5.000000 3.000000 0 11.000000 1.000000 0 10.000000 5.000000 0 13.000000 4.000000 0 16.000000 2.000000
00245 10 0 9.000000 9.000000 0 281.000000 524.000000 0 28.000000 0.000000 0 11.000000 1.000000 0 11.000000 0.000000 0 10.000000 5.000000 0 16.000000 2.000000 0 13.000000 2.000000 0 9.000000 2.000000 0 4.000000 2.000000
00246 10 0 281.000000 524.000000 0 9.000000 9.000000 0 11.000000 9.000000 0 28.000000 0.000000 0 4.000000 3.000000 0 11.000000 1.000000 0 12.000000 6.000000 0 13.000000 5.000000 0 10.000000 5.000000 0 5.000000 3.000000
00247 10 0 281.000000 524.000000 0 9.000000 9.000000 0 11.000000 9.000000 0 5.000000 3.000000 0 12.000000 1.000000 0 11.000000 1.000000 0 11.000000 0.000000 0 12.000000 0.000000 0 9.000000 3.000000 0 12.000000 3.000000
00248 10 0 281.000000 524.000000 0 9.000000 9.000000 0 4.000000 2.000000 0 13.000000 0.000000 0 12.000000 0.000000 0 9.000000 2.000000 0 11.000000 0.000000 0 13.000000 5.000000 0 10.000000 5.000000 0 13.000000 14.000000
00249 10 0 281.000000 524.000000 0 9.000000 9.000000 0 13.000000 0.000000 0 28.000000 0.000000 0 12.000000 1.000000 0 12.000000 0.000000 0 9.000000 2.000000 0 12.000000 6.000000 0 11.000000 1.000000 0 13.000000 1.000000
00250 10 0 281.000000 524.000000 0 9.000000 9.000000 0 12.000000 3.000000 0 13.000000 12.000000 0 12.000000 16.000000 0 11.000000 14.000000 0 11.000000 4.000000 0 11.000000 6.000000 0 12.000000 13.000000 0 11.000000 12.000000
00251 10 0 281.000000 524.000000 0 9.000000 9.000000 0 11.000000 13.000000 0 13.000000 5.000000 0 11.000000 4.000000 0 4.000000 4.000000 0 13.000000 14.000000 0 10.000000 13.000000 0 12.000000 16.000000 0 12.000000 4.000000
00252 10 0 281.000000 524.000000 0 9.000000 9.000000 0 28.000000 0.000000 0 12.000000 0.000000 0 11.000000 0.000000 0 10.000000 5.000000 0 13.000000 5.000000 0 12.000000 15.000000 0 13.000000 2.000000 0 4.000000 2.000000
00253 10 0 281.000000 524.000000 0 9.000000 9.000000 0 11.000000 0.000000 0 12.000000 3.000000 0 5.000000 3.000000 0 13.000000 0.000000 0 4.000000 3.000000 0 11.000000 4.000000 0 4.000000 4.000000 0 4.000000 7.000000
00254 10 0 281.000000 524.000000 0 9.000000 9.000000 0 13.000000 1.000000 0 10.000000 1.000000 0 10.000000 5.000000 0 12.000000 0.000000 0 11.000000 0.000000 0 11.000000 3.000000 0 9.000000 3.000000 0 4.000000 11.000000
00255 10 0 9.000000 9.000000 0 281.000000 524.000000 0 13.000000 2.000000 0 11.000000 1.000000 0 28.000000 0.000000 0 9.000000 3.000000 0 13.000000 1.000000 0 11.000000 3.000000 0 12.000000 6.000000 0 4.000000 7.000000
00256 10 0 281.000000 524.000000 0 9.000000 9.000000 0 13.000000 4.000000 0 11.000000 4.000000 0 11.000000 0.000000 0 13.000000 2.000000 0 4.000000 4.000000 0 11.000000 15.000000 0 13.000000 14.000000 0 13.000000 5.000000
00257 10 0 9.000000 9.000000 0 281.000000 524.000000 0 12.000000 0.000000 0 11.000000 0.000000 0 13.000000 1.000000 0 12.000000 6.000000 0 4.000000 9.000000 0 11.000000 4.000000 0 4.000000 4.000000 0 13.000000 5.000000
00258 10 0 9.000000 9.000000 0 281.000000 524.000000 0 11.000000 2.000000 0 4.000000 3.000000 0 12.000000 3.000000 0 5.000000 3.000000 0 11.000000 3.000000 0 12.000000 15.000000 0 5.000000 8.000000 0 4.000000 9.000000
00259 10 0 281.000000 524.000000 0 9.000000 9.000000 0 11.000000 1.000000 0 12.000000 1.000000 0 13.000000 4.000000 0 12.000000 3.000000 0 13.000000 1.000000 0 12.000000 4.000000 0 11.000000 4.000000 0 13.000000 5.000000
00260 10 0 281.000000 524.000000 0 9.000000 9.000000 0 4.000000 9.000000 0 11.000000 1.000000 0 13.000000 5.000000 0 12.000000 4.000000 0 4.000000 4.000000 0 10.000000 5.000000 0 12.000000 1.000000 0 12.000000 6.000000
00261 10 0 9.000000 9.000000 0 281.000000 524.000000 0 4.000000 9.000000 0 11.000000 0.000000 0 13.000000 2.000000 0 4.000000 3.000000 0 13.000000 1.000000 0 4.000000 4.000000 0 10.000000 5.000000 0 13.000000 5.000000
00262 10 0 281.000000 524.000000 0 9.000000 9.000000 0 4.000000 9.000000 0 13.000000 0.000000 0 13.000000 4.000000 0 12.000000 0.000000 0 10.000000 1.000000 0 13.000000 5.000000 0 10.000000 5.000000 0 7.000000 5.000000
00263 10 0 281.000000 524.000000 0 9.000000 9.000000 0 11.000000 1.000000 0 11.000000 0.000000 0 13.000000 1.000000 0 12.000000 6.000000 0 4.000000 2.000000 0 9.000000 2.000000 0 12.000000 3.000000 0 10.000000 1.000000
00264 10 0 281.000000 524.000000 0 11.000000 9.000000 0 9.000000 9.000000 0 4.000000 4.000000 0 8.000000 4.000000 0 4.000000 3.000000 0 11.000000 4.000000 0 5.000000 3.000000 0 9.000000 3.000000 0 12.000000 2.000000
00265 10 0 281.000000 524.000000 0 9.000000 9.000000 0 4.000000 9.000000 0 28.000000 0.000000 0 12.000000 4.000000 0 13.000000 4.000000 0 9.000000 2.000000 0 12.000000 3.000000 0 4.000000 4.000000 0 4.000000 3.000000
00266 10 0 9.000000 9.000000 0 281.000000 524.000000 0 12.000000 0.000000 0 13.000000 0.000000 0 11.000000 0.000000 0 12.000000 6.000000 0 9.000000 2.000000 0 10.000000 2.000000 0 13.000000 1.000000 0 4.000000 2.000000
00267 10 0 9.000000 9.000000 0 4.000000 3.000000 0 281.000000 524.000000 0 84.000000 52.000000 0 12.000000 3.000000 0 13.000000 0.000000 0 11.000000 4.000000 0 12.000000 2.000000 0 12.000000 0.000000 0 13.000000 4.000000
00268 10 0 9.000000 9.000000 0 281.000000 524.000000 0 12.000000 1.000000 0 13.000000 0.000000 0 12.000000 0.000000 0 13.000000 1.000000 0 10.000000 1.000000 0 29.000000 1.000000 0 11.000000 1.000000 0 4.000000 2.000000
00269 10 0 9.000000 9.000000 0 281.000000 524.000000 0 4.000000 9.000000 0 12.000000 1.000000 0 11.000000 1.000000 0 14.000000 1.000000 0 4.000000 4.000000 0 14.000000 2.000000 0 10.000000 1.000000 0 10.000000 5.000000
00270 10 0 9.000000 9.000000 0 4.000000 9.000000 0 281.000000 524.000000 0 12.000000 12.000000 0 4.000000 2.000000 0 13.000000 5.000000 0 9.000000 2.000000 0 12.000000 1.000000 0 10.000000 1.000000 0 16.000000 2.000000
00271 10 0 9.000000 9.000000 0 281.000000 524.000000 0 12.000000 3.000000 0 11.000000 0.000000 0 12.000000 0.000000 0 28.000000 0.000000 0 29.000000 1.000000 0 11.000000 3.000000 0 4.000000 2.000000 0 13.000000 1.000000
00272 10 0 9.000000 9.000000 0 281.000000 524.000000 0 9.000000 3.000000 0 11.000000 4.000000 0 4.000000 9.000000 0 4.000000 3.000000 0 12.000000 0.000000 0 12.000000 1.000000 0 5.000000 3.000000 0 13.000000 1.000000
00273 10 0 281.000000 524.000000 0 9.000000 9.000000 0 9.000000 3.000000 0 11.000000 3.000000 0 4.000000 9.000000 0 11.000000 4.000000 0 5.000000 2.000000 0 14.000000 2.000000 0 28.000000 0.000000 0 11.000000 0.000000
00274 10 0 9.000000 9.000000 0 281.000000 524.000000 0 9.000000 3.000000 0 13.000000 2.000000 0 11.000000 0.000000 0 5.000000 3.000000 0 16.000000 2.000000 0 4.000000 2.000000 0 13.000000 5.000000 0 4.000000 11.000000
00275 10 0 281.000000 524.000000 0 9.000000 9.000000 0 12.000000 12.000000 0 5.000000 3.000000 0 4.000000 3.000000 0 13.000000 2.000000 0 9.000000 13.000000 0 8.000000 12.000000 0 12.000000 3.000000 0 5.000000 8.000000
00276 10 0 9.000000 9.000000 0 11.000000 9.000000 0 281.000000 524.000000 0 11.000000 12.000000 0 12.000000 12.000000 0 5.000000 3.000000 0 4.000000 3.000000 0 13.000000 1.000000 0 11.000000 1.000000 0 28.000000 0.000000
00277 10 0 9.000000 9.000000 0 9.000000 3.000000 0 4.000000 9.000000 0 5.000000 3.000000 0 11.000000 6.000000 0 12.000000 4.000000 0 13.000000 4.000000 0 12.000000 3.000000 0 13.000000 5.000000 0 12.000000 6.000000
00278 10 0 9.000000 9.000000 0 5.000000 3.000000 0 10.000000 6.000000 0 12.000000 0.000000 0 12.000000 6.000000 0 4.000000 6.000000 0 11.000000 2.000000 0 13.000000 2.000000 0 13.000000 4.000000 0 9.000000 2.000000
00279 10 0 9.000000 9.000000 0 5.000000 3.000000 0 12.000000 12.000000 0 11.000000 12.000000 0 16.000000 2.000000 0 14.000000 2.000000 0 14.000000 11.000000 0 4.000000 11.000000 0 13.000000 2.000000 0 11.000000 2.000000
00280 10 0 9.000000 9.000000 0 4.000000 3.000000 0 4.000000 9.000000 0 9.000000 3.000000 0 5.000000 3.000000 0 11.000000 6.000000 0 12.000000 6.000000 0 288.000000 529.000000 0 4.000000 6.000000 0 10.000000 6.000000
00281 10 0 9.000000 9.000000 0 4.000000 9.000000 0 9.000000 3.000000 0 4.000000 3.000000 0 5.000000 3.000000 0 12.000000 5.000000 0 13.000000 4.000000 0 11.000000 6.000000 0 12.000000 6.000000 0 29.000000 1.000000
00282 10 0 9.000000 9.000000 0 5.000000 3.000000 0 9.000000 3.000000 0 4.000000 3.000000 0 4.000000 9.000000 0 13.000000 13.000000 0 4.000000 6.000000 0 14.000000 11.000000 0 16.000000 2.000000 0 10.000000 13.000000
00283 10 0 9.000000 9.000000 0 4.000000 9.000000 0 5.000000 3.000000 0 9.000000 3.000000 0 4.000000 3.000000 0 13.000000 4.000000 0 12.000000 2.000000 0 8.000000 19.000000 0 10.000000 12.000000 0 12.000000 6.000000
00284 10 0 9.000000 9.000000 0 12.000000 12.000000 0 4.000000 3.000000 0 5.000000 3.000000 0 9.000000 3.000000 0 4.000000 9.000000 0 4.000000 11.000000 0 29.000000 1.000000 0 14.000000 2.000000 0 13.000000 5.000000
00285 10 0 9.000000 9.000000 0 13.000000 10.000000 0 5.000000 3.000000 0 4.000000 11.000000 0 12.000000 12.000000 0 4.000000 9.000000 0 11.000000 12.000000 0 9.000000 3.000000 0 11.000000 3.000000 0 4.000000 3.000000
00286 10 0 11.000000 9.000000 0 9.000000 9.000000 0 4.000000 9.000000 0 4.000000 11.000000 0 12.000000 12.000000 0 5.000000 3.000000 0 4.000000 3.000000 0 11.000000 12.000000 0 9.000000 3.000000 0 13.000000 2.000000
00287 10 0 9.000000 9.000000 0 4.000000 9.000000 0 9.000000 3.000000 0 13.000000 10.000000 0 4.000000 11.000000 0 4.000000 3.000000 0 12.000000 4.000000 0 12.000000 6.000000 0 288.000000 529.000000 0 13.000000 4.000000
00288 10 0 9.000000 9.000000 0 11.000000 3.000000 0 9.000000 3.000000 0 296.000000 566.000000 0 4.000000 9.000000 0 11.000000 12.000000 0 4.000000 3.000000 0 12.000000 12.000000 0 11.000000 4.000000 0 12.000000 15.000000
00289 10 0 9.000000 9.000000 0 4.000000 9.000000 0 12.000000 12.000000 0 11.000000 3.000000 0 4.000000 3.000000 0 11.000000 12.000000 0 11.000000 14.000000 0 296.000000 566.000000 0 11.000000 0.000000 0 288.000000 529.000000
00290 10 0 9.000000 9.000000 0 9.000000 3.000000 0 296.000000 566.000000 0 12.000000 12.000000 0 11.000000 12.000000 0 11.000000 14.000000 0 13.000000 10.000000 0 13.000000 14.000000 0 12.000000 11.000000 0 4.000000 9.000000
00291 10 0 9.000000 9.000000 0 296.000000 566.000000 0 13.000000 10.000000 0 4.000000 11.000000 0 4.000000 9.000000 0 12.000000 12.000000 0 12.000000 11.000000 0 13.000000 14.000000 0 11.000000 14.000000 0 9.000000 3.000000
00292 10 0 9.000000 9.000000 0 12.000000 4.000000 0 13.000000 14.000000 0 13.000000 11.000000 0 11.000000 14.000000 0 12.000000 11.000000 0 11.000000 12.000000 0 4.000000 9.000000 0 12.000000 12.000000 0 4.000000 11.000000
00293 10 0 296.000000 566.000000 0 9.000000 9.000000 0 12.000000 12.000000 0 12.000000 11.000000 0 12.000000 4.000000 0 9.000000 3.000000 0 13.000000 10.000000 0 11.000000 12.000000 0 4.000000 9.000000 0 13.000000 14.000000
00294 10 0 296.000000 566.000000 0 9.000000 9.000000 0 11.000000 9.000000 0 4.000000 9.000000 0 12.000000 12.000000 0 13.000000 14.000000 0 4.000000 11.000000 0 4.000000 3.000000 0 12.000000 4.000000 0 9.000000 3.000000
00295 10 0 9.000000 9.000000 0 11.000000 9.000000 0 296.000000 566.000000 0 4.000000 9.000000 0 12.000000 12.000000 0 9.000000 3.000000 0 13.000000 14.000000 0 11.000000 3.000000 0 11.000000 4.000000 0 4.000000 11.000000
00296 10 0 9.000000 9.000000 0 4.000000 11.000000 0 13.000000 10.000000 0 4.000000 3.000000 0 9.000000 3.000000 0 11.000000 3.000000 0 11.000000 4.000000 0 4.000000 9.000000 0 296.000000 566.000000 0 289.000000 528.000000
00297 10 0 9.000000 9.000000 0 9.000000 3.000000 0 4.000000 9.000000 0 296.000000 566.000000 0 4.000000 11.000000 0 4.000000 3.000000 0 288.000000 529.000000 0 11.000000 0.000000 0 289.000000 531.000000 0 289.000000 528.000000
00298 10 0 9.000000 9.000000 0 296.000000 566.000000 0 11.000000 9.000000 0 11.000000 4.000000 0 9.000000 3.000000 0 4.000000 9.000000 0 4.000000 3.000000 0 13.000000 5.000000 0 4.000000 11.000000 0 289.000000 528.000000
00299 10 0 11.000000 9.000000 0 9.000000 9.000000 0 296.000000 566.000000 0 4.000000 9.000000 0 13.000000 5.000000 0 4.000000 11.000000 0 12.000000 12.000000 0 9.000000 3.000000 0 4.000000 3.000000 0 289.000000 528.000000
00300 10 0 296.000000 566.000000 0 9.000000 9.000000 0 11.000000 9.000000 0 12.000000 4.000000 0 11.000000 4.000000 0 4.000000 4.000000 0 11.000000 6.000000 0 4.000000 11.000000 0 12.000000 12.000000 0 9.000000 3.000000
00301 10 0 296.000000 566.000000 0 11.000000 9.000000 0 9.000000 9.000000 0 9.000000 3.000000 0 4.000000 11.000000 0 12.000000 12.000000 0 4.000000 9.000000 0 11.000000 6.000000 0 13.000000 5.000000 0 11.000000 4.000000
00302 10 0 9.000000 9.000000 0 11.000000 9.000000 0 296.000000 566.000000 0 4.000000 11.000000 0 9.000000 3.000000 0 12.000000 16.000000 0 4.000000 3.000000 0 11.000000 4.000000 0 4.000000 9.000000 0 12.000000 12.000000
00303 10 0 296.000000 566.000000 0 9.000000 9.000000 0 9.000000 3.000000 0 4.000000 11.000000 0 4.000000 9.000000 0 11.000000 4.000000 0 11.000000 14.000000 0 5.000000 3.000000 0 15.000000 3.000000 0 12.000000 14.000000
00304 10 0 296.000000 566.000000 0 9.000000 9.000000 0 11.000000 4.000000 0 9.000000 3.000000 0 13.000000 14.000000 0 4.000000 11.000000 0 4.000000 9.000000 0 12.000000 12.000000 0 4.000000 3.000000 0 288.000000 532.000000
00305 10 0 9.000000 9.000000 0 4.000000 9.000000 0 296.000000 566.000000 0 9.000000 3.000000 0 12.000000 12.000000 0 11.000000 4.000000 0 28.000000 0.000000 0 16.000000 2.000000 0 13.000000 1.000000 0 288.000000 531.000000
00306 10 0 9.000000 9.000000 0 296.000000 566.000000 0 9.000000 3.000000 0 4.000000 9.000000 0 4.000000 11.000000 0 12.000000 12.000000 0 4.000000 3.000000 0 29.000000 1.000000 0 13.000000 2.000000 0 12.000000 2.000000
00307 10 0 4.000000 9.000000 0 11.000000 9.000000 0 9.000000 9.000000 0 13.000000 5.000000 0 4.000000 3.000000 0 9.000000 3.000000 0 5.000000 3.000000 0 12.000000 16.000000 0 13.000000 14.000000 0 11.000000 14.000000
00308 10 0 296.000000 566.000000 0 9.000000 9.000000 0 11.000000 9.000000 0 5.000000 3.000000 0 11.000000 4.000000 0 4.000000 3.000000 0 9.000000 3.000000 0 12.000000 12.000000 0 4.000000 9.000000 0 13.000000 14.000000
00309 10 0 11.000000 9.000000 0 9.000000 9.000000 0 296.000000 566.000000 0 13.000000 5.000000 0 4.000000 9.000000 0 12.000000 12.000000 0 11.000000 14.000000 0 4.000000 11.000000 0 13.000000 14.000000 0 9.000000 3.000000
00310 10 0 296.000000 566.000000 0 9.000000 9.000000 0 11.000000 9.000000 0 5.000000 3.000000 0 12.000000 6.000000 0 9.000000 3.000000 0 11.000000 4.000000 0 11.000000 14.000000 0 13.000000 14.000000 0 12.000000 12.000000
00311 10 0 11.000000 9.000000 0 9.000000 9.000000 0 5.000000 3.000000 0 13.000000 14.000000 0 12.000000 16.000000 0 4.000000 11.000000 0 4.000000 3.000000 0 11.000000 4.000000 0 4.000000 9.000000 0 9.000000 3.000000
00312 10 0 11.000000 9.000000 0 9.000000 9.000000 0 296.000000 566.000000 0 9.000000 3.000000 0 4.000000 11.000000 0 12.000000 12.000000 0 11.000000 3.000000 0 12.000000 4.000000 0 4.000000 9.000000 0 9.000000 6.000000
00313 10 0 296.000000 566.000000 0 9.000000 9.000000 0 12.000000 4.000000 0 11.000000 6.000000 0 5.000000 3.000000 0 9.000000 3.000000 0 11.000000 4.000000 0 12.000000 6.000000 0 13.000000 5.000000 0 4.000000 11.000000
00314 10 0 296.000000 566.000000 0 9.000000 9.000000 0 5.000000 3.000000 0 11.000000 4.000000 0 9.000000 2.000000 0 9.000000 3.000000 0 11.000000 3.000000 0 11.000000 12.000000 0 13.000000 5.000000 0 13.000000 10.000000
00315 10 0 296.000000 566.000000 0 9.000000 9.000000 0 11.000000 3.000000 0 4.000000 3.000000 0 5.000000 3.000000 0 9.000000 3.000000 0 13.000000 5.000000 0 4.000000 9.000000 0 12.000000 4.000000 0 9.000000 2.000000
00316 10 0 9.000000 9.000000 0 11.000000 9.000000 0 12.000000 6.000000 0 9.000000 3.000000 0 11.000000 4.000000 0 13.000000 5.000000 0 12.000000 4.000000 0 11.000000 6.000000 0 11.000000 3.000000 0 296.000000 566.000000
00317 10 0 296.000000 566.000000 0 9.000000 9.000000 0 11.000000 9.000000 0 9.000000 2.000000 0 4.000000 9.000000 0 11.000000 4.000000 0 13.000000 5.000000 0 4.000000 3.000000 0 9.000000 3.000000 0 11.000000 3.000000
00318 10 0 9.000000 9.000000 0 11.000000 9.000000 0 296.000000 566.000000 0 11.000000 3.000000 0 9.000000 2.000000 0 13.000000 5.000000 0 4.000000 9.000000 0 11.000000 4.000000 0 9.000000 3.000000 0 12.000000 4.000000
00319 10 0 9.000000 9.000000 0 296.000000 566.000000 0 11.000000 6.000000 0 13.000000 10.000000 0 11.000000 3.000000 0 4.000000 3.000000 0 11.000000 4.000000 0 12.000000 8.000000 0 9.000000 2.000000 0 4.000000 11.000000
00320 10 0 9.000000 9.000000 0 296.000000 566.000000 0 11.000000 9.000000 0 11.000000 6.000000 0 11.000000 4.000000 0 4.000000 11.000000 0 12.000000 12.000000 0 13.000000 5.000000 0 4.000000 9.000000 0 4.000000 3.000000
00321 10 0 9.000000 9.000000 0 11.000000 9.000000 0 4.000000 11.000000 0 4.000000 9.000000 0 13.000000 5.000000 0 11.000000 3.000000 0 296.000000 566.000000 0 11.000000 6.000000 0 9.000000 3.000000 0 4.000000 3.000000
00322 10 0 11.000000 9.000000 0 9.000000 9.000000 0 11.000000 4.000000 0 11.000000 6.000000 0 296.000000 566.000000 0 4.000000 3.000000 0 11.000000 12.000000 0 12.000000 12.000000 0 4.000000 9.000000 0 4.000000 11.000000
00323 10 0 11.000000 9.000000 0 9.000000 9.000000 0 13.000000 5.000000 0 11.000000 4.000000 0 4.000000 9.000000 0 4.000000 11.000000 0 296.000000 566.000000 0 11.000000 12.000000 0 4.000000 3.000000 0 9.000000 3.000000
00324 10 0 11.000000 9.000000 0 9.000000 9.000000 0 9.000000 3.000000 0 4.000000 9.000000 0 13.000000 5.000000 0 296.000000 566.000000 0 4.000000 11.000000 0 11.000000 4.000000 0 10.000000 13.000000 0 11.000000 13.000000
00325 10 0 9.000000 9.000000 0 11.000000 9.000000 0 4.000000 11.000000 0 9.000000 3.000000 0 11.000000 4.000000 0 4.000000 9.000000 0 296.000000 566.000000 0 16.000000 2.000000 0 14.000000 1.000000 0 18.000000 0.000000
00326 10 0 9.000000 9.000000 0 11.000000 9.000000 0 9.000000 3.000000 0 4.000000 11.000000 0 12.000000 12.000000 0 296.000000 566.000000 0 288.000000 529.000000 0 4.000000 9.000000 0 11.000000 3.000000 0 4.000000 3.000000
00327 10 0 9.000000 9.000000 0 11.000000 9.000000 0 11.000000 4.000000 0 9.000000 3.000000 0 288.000000 529.000000 0 296.000000 566.000000 0 12.000000 12.000000 0 11.000000 3.000000 0 4.000000 3.000000 0 11.000000 0.000000
00328 10 0 9.000000 9.000000 0 11.000000 9.000000 0 11.000000 3.000000 0 11.000000 4.000000 0 296.000000 566.000000 0 12.000000 4.000000 0 4.000000 3.000000 0 12.000000 12.000000 0 9.000000 3.000000 0 289.000000 529.000000
00329 10 0 296.000000 566.000000 0 11.000000 9.000000 0 9.000000 9.000000 0 9.000000 3.000000 0 12.000000 12.000000 0 11.000000 3.000000 0 12.000000 4.000000 0 4.000000 9.000000 0 11.000000 4.000000 0 5.000000 3.000000
00330 10 0 9.000000 9.000000 0 296.000000 566.000000 0 11.000000 9.000000 0 4.000000 3.000000 0 9.000000 3.000000 0 11.000000 4.000000 0 12.000000 4.000000 0 13.000000 5.000000 0 11.000000 1.000000 0 12.000000 12.000000
00331 10 0 296.000000 566.000000 0 11.000000 9.000000 0 9.000000 9.000000 0 4.000000 9.000000 0 12.000000 4.000000 0 11.000000 4.000000 0 9.000000 3.000000 0 12.000000 12.000000 0 11.000000 12.000000 0 5.000000 3.000000
00332 10 0 11.000000 9.000000 0 9.000000 9.000000 0 296.000000 566.000000 0 11.000000 4.000000 0 9.000000 3.000000 0 12.000000 12.000000 0 288.000000 529.000000 0 12.000000 4.000000 0 13.000000 5.000000 0 4.000000 9.000000
00333 10 0 296.000000 566.000000 0 11.000000 9.000000 0 9.000000 9.000000 0 11.000000 3.000000 0 9.000000 3.000000 0 11.000000 6.000000 0 13.000000 5.000000 0 4.000000 9.000000 0 4.000000 3.000000 0 11.000000 4.000000
00334 10 0 11.000000 9.000000 0 9.000000 9.000000 0 296.000000 566.000000 0 13.000000 5.000000 0 11.000000 6.000000 0 4.000000 9.000000 0 11.000000 13.000000 0 4.000000 11.000000 0 9.000000 3.000000 0 4.000000 3.000000
00335 10 0 11.000000 9.000000 0 9.000000 9.000000 0 296.000000 566.000000 0 13.000000 4.000000 0 13.000000 5.000000 0 12.000000 4.000000 0 4.000000 11.000000 0 4.000000 9.000000 0 11.000000 6.000000 0 11.000000 3.000000
00336 10 0 296.000000 566.000000 0 9.000000 9.000000 0 11.000000 9.000000 0 11.000000 6.000000 0 11.000000 3.000000 0 12.000000 12.000000 0 11.000000 12.000000 0 4.000000 9.000000 0 11.000000 4.000000 0 13.000000 4.000000
00337 10 0 296.000000 566.000000 0 9.000000 9.000000 0 11.000000 4.000000 0 4.000000 3.000000 0 13.000000 5.000000 0 288.000000 529.000000 0 13.000000 4.000000 0 12.000000 4.000000 0 11.000000 3.000000 0 4.000000 9.000000
00338 10 0 9.000000 9.000000 0 296.000000 566.000000 0 13.000000 4.000000 0 12.000000 4.000000 0 5.000000 3.000000 0 11.000000 4.000000 0 13.000000 8.000000 0 11.000000 6.000000 0 12.000000 9.000000 0 4.000000 9.000000
00339 10 0 296.000000 566.000000 0 9.000000 9.000000 0 12.000000 12.000000 0 11.000000 12.000000 0 4.000000 3.000000 0 11.000000 4.000000 0 12.000000 11.000000 0 12.000000 4.000000 0 13.000000 5.000000 0 11.000000 3.000000
00340 10 0 296.000000 566.000000 0 9.000000 9.000000 0 13.000000 8.000000 0 4.000000 3.000000 0 11.000000 6.000000 0 11.000000 3.000000 0 4.000000 9.000000 0 11.000000 4.000000 0 9.000000 3.000000 0 18.000000 2.000000
00341 10 0 296.000000 566.000000 0 9.000000 9.000000 0 9.000000 3.000000 0 11.000000 4.000000 0 4.000000 3.000000 0 12.000000 4.000000 0 11.000000 3.000000 0 4.000000 9.000000 0 11.000000 6.000000 0 13.000000 8.000000
00342 10 0 296.000000 566.000000 0 9.000000 9.000000 0 4.000000 3.000000 0 11.000000 3.000000 0 4.000000 11.000000 0 13.000000 11.000000 0 4.000000 9.000000 0 13.000000 10.000000 0 13.000000 8.000000 0 9.000000 3.000000
00343 10 0 296.000000 566.000000 0 9.000000 9.000000 0 9.000000 3.000000 0 12.000000 12.000000 0 16.000000 2.000000 0 13.000000 10.000000 0 11.000000 12.000000 0 4.000000 9.000000 0 13.000000 11.000000 0 12.000000 4.000000
00344 10 0 296.000000 566.000000 0 9.000000 9.000000 0 13.000000 11.000000 0 9.000000 3.000000 0 11.000000 3.000000 0 13.000000 10.000000 0 12.000000 11.000000 0 4.000000 9.000000 0 11.000000 4.000000 0 11.000000 12.000000
00345 10 0 9.000000 9.000000 0 296.000000 566.000000 0 13.000000 9.000000 0 11.000000 4.000000 0 4.000000 9.000000 0 9.000000 3.000000 0 11.000000 3.000000 0 13.000000 8.000000 0 13.000000 14.000000 0 11.000000 12.000000
00346 10 0 296.000000 566.000000 0 9.000000 9.000000 0 11.000000 3.000000 0 13.000000 5.000000 0 11.000000 4.000000 0 9.000000 3.000000 0 16.000000 2.000000 0 12.000000 12.000000 0 13.000000 10.000000 0 4.000000 9.000000
00347 10 0 296.000000 566.000000 0 9.000000 9.000000 0 4.000000 3.000000 0 11.000000 4.000000 0 13.000000 10.000000 0 11.000000 12.000000 0 13.000000 14.000000 0 12.000000 12.000000 0 5.000000 3.000000 0 11.000000 14.000000
00348 10 0 9.000000 9.000000 0 296.000000 566.000000 0 11.000000 9.000000 0 9.000000 3.000000 0 13.000000 14.000000 0 12.000000 12.000000 0 4.000000 3.000000 0 5.000000 3.000000 0 4.000000 2.000000 0 11.000000 14.000000
00349 10 0 296.000000 566.000000 0 9.000000 9.000000 0 13.000000 10.000000 0 11.000000 4.000000 0 9.000000 3.000000 0 4.000000 3.000000 0 11.000000 14.000000 0 4.000000 9.000000 0 5.000000 3.000000 0 4.000000 11.000000
00350 10 0 4.000000 9.000000 0 9.000000 9.000000 0 296.000000 566.000000 0 13.000000 10.000000 0 11.000000 4.000000 0 12.000000 11.000000 0 9.000000 3.000000 0 12.000000 12.000000 0 12.000000 13.000000 0 13.000000 14.000000
00351 10 0 4.000000 9.000000 0 9.000000 9.000000 0 296.000000 566.000000 0 11.000000 12.000000 0 9.000000 3.000000 0 13.000000 14.000000 0 12.000000 12.000000 0 12.000000 16.000000 0 11.000000 4.000000 0 288.000000 529.000000
00352 10 0 11.000000 9.000000 0 9.000000 9.000000 0 296.000000 566.000000 0 11.000000 4.000000 0 11.000000 14.000000 0 5.000000 3.000000 0 4.000000 9.000000 0 288.000000 529.000000 0 12.000000 16.000000 0 12.000000 12.000000
00353 10 0 296.000000 566.000000 0 9.000000 9.000000 0 13.000000 14.000000 0 13.000000 11.000000 0 12.000000 11.000000 0 4.000000 11.000000 0 12.000000 16.000000 0 11.000000 12.000000 0 11.000000 14.000000 0 5.000000 3.000000
00354 10 0 296.000000 566.000000 0 9.000000 9.000000 0 11.000000 3.000000 0 4.000000 3.000000 0 11.000000 4.000000 0 9.000000 3.000000 0 13.000000 8.000000 0 12.000000 11.000000 0 4.000000 11.000000 0 5.000000 3.000000
00355 10 0 296.000000 566.000000 0 9.000000 9.000000 0 13.000000 11.000000 0 4.000000 11.000000 0 9.000000 3.000000 0 13.000000 10.000000 0 4.000000 9.000000 0 12.000000 12.000000 0 11.000000 12.000000 0 288.000000 531.000000
00356 10 0 9.000000 9.000000 0 296.000000 566.000000 0 9.000000 3.000000 0 4.000000 11.000000 0 4.000000 9.000000 0 14.000000 1.000000 0 13.000000 1.000000 0 12.000000 1.000000 0 15.000000 1.000000 0 288.000000 532.000000
00357 10 0 9.000000 9.000000 0 296.000000 566.000000 0 4.000000 9.000000 0 12.000000 12.000000 0 11.000000 3.000000 0 13.000000 10.000000 0 4.000000 11.000000 0 289.000000 531.000000 0 29.000000 1.000000 0 288.000000 531.000000
00358 10 0 11.000000 9.000000 0 9.000000 9.000000 0 296.000000 566.000000 0 11.000000 4.000000 0 12.000000 12.000000 0 5.000000 3.000000 0 4.000000 3.000000 0 9.000000 3.000000 0 11.000000 12.000000 0 4.000000 11.000000
00359 10 0 296.000000 566.000000 0 11.000000 9.000000 0 9.000000 9.000000 0 11.000000 3.000000 0 11.000000 12.000000 0 4.000000 11.000000 0 11.000000 4.000000 0 12.000000 12.000000 0 4.000000 9.000000 0 9.000000 3.000000
00360 10 0 296.000000 566.000000 0 11.000000 9.000000 0 9.000000 9.000000 0 11.000000 3.000000 0 9.000000 3.000000 0 12.000000 6.000000 0 4.000000 9.000000 0 12.000000 4.000000 0 11.000000 1.000000 0 13.000000 4.000000
00361 10 0 11.000000 9.000000 0 9.000000 9.000000 0 296.000000 566.000000 0 28.000000 0.000000 0 13.000000 4.000000 0 13.000000 5.000000 0 4.000000 3.000000 0 11.000000 3.000000 0 11.000000 4.000000 0 12.000000 6.000000
00362 10 0 11.000000 9.000000 0 9.000000 9.000000 0 296.000000 566.000000 0 4.000000 3.000000 0 9.000000 3.000000 0 11.000000 3.000000 0 28.000000 0.000000 0 4.000000 9.000000 0 11.000000 1.000000 0 12.000000 12.000000
00363 10 0 296.000000 566.000000 0 9.000000 9.000000 0 11.000000 9.000000 0 11.000000 6.000000 0 9.000000 3.000000 0 4.000000 9.000000 0 11.000000 4.000000 0 11.000000 3.000000 0 11.000000 1.000000 0 12.000000 12.000000
00364 10 0 11.000000 9.000000 0 9.000000 9.000000 0 296.000000 566.000000 0 9.000000 3.000000 0 11.000000 4.000000 0 13.000000 5.000000 0 11.000000 6.000000 0 12.000000 6.000000 0 12.000000 4.000000 0 11.000000 3.000000
00365 10 0 9.000000 9.000000 0 11.000000 9.000000 0 296.000000 566.000000 0 11.000000 6.000000 0 288.000000 529.000000 0 12.000000 12.000000 0 4.000000 3.000000 0 11.000000 3.000000 0 9.000000 3.000000 0 11.000000 12.000000
00366 10 0 9.000000 9.000000 0 11.000000 9.000000 0 296.000000 566.000000 0 9.000000 3.000000 0 11.000000 4.000000 0 12.000000 6.000000 0 11.000000 6.000000 0 11.000000 3.000000 0 11.000000 1.000000 0 28.000000 0.000000
00367 10 0 296.000000 566.000000 0 9.000000 9.000000 0 11.000000 9.000000 0 9.000000 3.000000 0 11.000000 6.000000 0 12.000000 12.000000 0 11.000000 4.000000 0 13.000000 5.000000 0 11.000000 1.000000 0 28.000000 0.000000
00368 10 0 296.000000 566.000000 0 9.000000 9.000000 0 11.000000 9.000000 0 28.000000 0.000000 0 11.000000 3.000000 0 12.000000 4.000000 0 11.000000 4.000000 0 13.000000 5.000000 0 9.000000 3.000000 0 12.000000 12.000000
00369 10 0 296.000000 566.000000 0 9.000000 9.000000 0 11.000000 1.000000 0 13.000000 8.000000 0 13.000000 5.000000 0 11.000000 4.000000 0 13.000000 11.000000 0 9.000000 3.000000 0 11.000000 12.000000 0 28.000000 0.000000
00370 10 0 9.000000 9.000000 0 11.000000 1.000000 0 13.000000 10.000000 0 13.000000 11.000000 0 11.000000 12.000000 0 12.000000 12.000000 0 12.000000 11.000000 0 4.000000 9.000000 0 13.000000 8.000000 0 11.000000 4.000000
00371 10 0 296.000000 566.000000 0 9.000000 9.000000 0 13.000000 5.000000 0 12.000000 12.000000 0 13.000000 10.000000 0 4.000000 9.000000 0 11.000000 12.000000 0 13.000000 8.000000 0 5.000000 3.000000 0 9.000000 3.000000
00372 10 0 296.000000 566.000000 0 9.000000 9.000000 0 11.000000 4.000000 0 28.000000 0.000000 0 13.000000 10.000000 0 13.000000 11.000000 0 4.000000 9.000000 0 12.000000 12.000000 0 9.000000 3.000000 0 4.000000 3.000000
00373 10 0 296.000000 566.000000 0 9.000000 9.000000 0 13.000000 5.000000 0 12.000000 12.000000 0 28.000000 0.000000 0 11.000000 3.000000 0 11.000000 6.000000 0 4.000000 9.000000 0 9.000000 3.000000 0 5.000000 3.000000
00374 10 0 296.000000 566.000000 0 9.000000 9.000000 0 11.000000 9.000000 0 28.000000 0.000000 0 11.000000 4.000000 0 9.000000 2.000000 0 5.000000 3.000000 0 9.000000 3.000000 0 11.000000 1.000000 0 12.000000 12.000000
00375 10 0 296.000000 566.000000 0 9.000000 9.000000 0 11.000000 9.000000 0 9.000000 3.000000 0 11.000000 4.000000 0 11.000000 12.000000 0 4.000000 9.000000 0 11.000000 6.000000 0 28.000000 0.000000 0 11.000000 1.000000
00376 10 0 9.000000 9.000000 0 11.000000 9.000000 0 296.000000 566.000000 0 4.000000 9.000000 0 11.000000 12.000000 0 13.000000 14.000000 0 11.000000 6.000000 0 12.000000 12.000000 0 9.000000 3.000000 0 11.000000 4.000000
00377 10 0 296.000000 566.000000 0 11.000000 9.000000 0 9.000000 9.000000 0 11.000000 1.000000 0 9.000000 2.000000 0 9.000000 3.000000 0 11.000000 12.000000 0 12.000000 12.000000 0 13.000000 14.000000 0 4.000000 9.000000
00378 10 0 296.000000 566.000000 0 11.000000 9.000000 0 9.000000 9.000000 0 28.000000 0.000000 0 11.000000 6.000000 0 12.000000 12.000000 0 11.000000 4.000000 0 11.000000 12.000000 0 11.000000 3.000000 0 9.000000 3.000000
00379 10 0 296.000000 566.000000 0 9.000000 9.000000 0 11.000000 9.000000 0 12.000000 12.000000 0 11.000000 12.000000 0 13.000000 14.000000 0 11.000000 6.000000 0 28.000000 0.000000 0 15.000000 0.000000 0 12.000000 1.000000
00380 10 0 9.000000 9.000000 0 11.000000 9.000000 0 296.000000 566.000000 0 12.000000 12.000000 0 11.000000 12.000000 0 11.000000 4.000000 0 11.000000 3.000000 0 9.000000 3.000000 0 11.000000 6.000000 0 4.000000 9.000000
00381 10 0 296.000000 566.000000 0 11.000000 9.000000 0 9.000000 9.000000 0 28.000000 0.000000 0 4.000000 9.000000 0 12.000000 3.000000 0 14.000000 3.000000 0 13.000000 0.000000 0 288.000000 531.000000 0 288.000000 532.000000
00382 10 0 9.000000 9.000000 0 296.000000 566.000000 0 11.000000 9.000000 0 12.000000 12.000000 0 11.000000 3.000000 0 4.000000 9.000000 0 288.000000 531.000000 0 289.000000 528.000000 0 288.000000 532.000000 0 289.000000 530.000000
00383 10 0 9.000000 9.000000 0 11.000000 9.000000 0 296.000000 566.000000 0 4.000000 3.000000 0 11.000000 6.000000 0 11.000000 3.000000 0 28.000000 0.000000 0 12.000000 12.000000 0 9.000000 3.000000 0 288.000000 529.000000
00384 10 0 296.000000 566.000000 0 9.000000 9.000000 0 11.000000 9.000000 0 13.000000 5.000000 0 11.000000 12.000000 0 4.000000 3.000000 0 11.000000 4.000000 0 11.000000 3.000000 0 11.000000 6.000000 0 28.000000 0.000000
00385 10 0 9.000000 9.000000 0 11.000000 9.000000 0 296.000000 566.000000 0 9.000000 3.000000 0 11.000000 6.000000 0 12.000000 12.000000 0 4.000000 11.000000 0 28.000000 0.000000 0 4.000000 3.000000 0 11.000000 3.000000
00386 10 0 296.000000 566.000000 0 11.000000 9.000000 0 9.000000 9.000000 0 11.000000 1.000000 0 4.000000 9.000000 0 28.000000 0.000000 0 12.000000 12.000000 0 11.000000 4.000000 0 4.000000 3.000000 0 9.000000 3.000000
00387 10 0 11.000000 9.000000 0 9.000000 9.000000 0 296.000000 566.000000 0 4.000000 9.000000 0 11.000000 3.000000 0 9.000000 3.000000 0 11.000000 12.000000 0 11.000000 1.000000 0 9.000000 2.000000 0 28.000000 0.000000
00388 10 0 296.000000 566.000000 0 9.000000 9.000000 0 11.000000 9.000000 0 11.000000 3.000000 0 4.000000 9.000000 0 4.000000 11.000000 0 9.000000 3.000000 0 12.000000 12.000000 0 11.000000 12.000000 0 11.000000 1.000000
00389 10 0 296.000000 566.000000 0 9.000000 9.000000 0 11.000000 9.000000 0 11.000000 1.000000 0 11.000000 4.000000 0 11.000000 3.000000 0 9.000000 3.000000 0 28.000000 0.000000 0 11.000000 12.000000 0 12.000000 12.000000
00390 10 0 296.000000 566.000000 0 9.000000 9.000000 0 4.000000 11.000000 0 11.000000 1.000000 0 13.000000 10.000000 0 12.000000 9.000000 0 11.000000 12.000000 0 13.000000 11.000000 0 11.000000 14.000000 0 12.000000 12.000000
00391 10 0 296.000000 566.000000 0 9.000000 9.000000 0 288.000000 531.000000 0 12.000000 12.000000 0 12.000000 9.000000 0 13.000000 10.000000 0 11.000000 12.000000 0 13.000000 11.000000 0 13.000000 8.000000 0 13.000000 9.000000
00392 10 0 9.000000 9.000000 0 11.000000 9.000000 0 296.000000 566.000000 0 28.000000 0.000000 0 11.000000 4.000000 0 11.000000 6.000000 0 9.000000 3.000000 0 11.000000 1.000000 0 11.000000 12.000000 0 11.000000 3.000000
00393 10 0 296.000000 566.000000 0 9.000000 9.000000 0 11.000000 9.000000 0 9.000000 3.000000 0 11.000000 3.000000 0 11.000000 6.000000 0 11.000000 4.000000 0 288.000000 531.000000 0 11.000000 1.000000 0 12.000000 12.000000
00394 10 0 296.000000 566.000000 0 11.000000 9.000000 0 9.000000 9.000000 0 12.000000 12.000000 0 11.000000 4.000000 0 5.000000 3.000000 0 11.000000 12.000000 0 11.000000 14.000000 0 11.000000 3.000000 0 11.000000 0.000000
00395 10 0 9.000000 9.000000 0 11.000000 9.000000 0 296.000000 566.000000 0 11.000000 4.000000 0 11.000000 12.000000 0 28.000000 0.000000 0 11.000000 0.000000 0 9.000000 3.000000 0 12.000000 12.000000 0 11.000000 14.000000
00396 10 0 296.000000 566.000000 0 11.000000 9.000000 0 9.000000 9.000000 0 28.000000 0.000000 0 11.000000 0.000000 0 11.000000 4.000000 0 11.000000 12.000000 0 4.000000 11.000000 0 12.000000 12.000000 0 4.000000 9.000000
00397 10 0 11.000000 9.000000 0 9.000000 9.000000 0 296.000000 566.000000 0 11.000000 6.000000 0 28.000000 0.000000 0 11.000000 12.000000 0 9.000000 3.000000 0 4.000000 9.000000 0 12.000000 12.000000 0 11.000000 0.000000
00398 10 0 296.000000 566.000000 0 9.000000 9.000000 0 11.000000 9.000000 0 11.000000 12.000000 0 4.000000 11.000000 0 9.000000 3.000000 0 4.000000 3.000000 0 4.000000 9.000000 0 28.000000 0.000000 0 16.000000 2.000000
00399 10 0 296.000000 566.000000 0 11.000000 9.000000 0 9.000000 9.000000 0 4.000000 11.000000 0 8.000000 19.000000 0 4.000000 9.000000 0 11.000000 12.000000 0 28.000000 0.000000 0 13.000000 3.000000 0 15.000000 3.000000
00400 10 0 9.000000 9.000000 0 296.000000 566.000000 0 11.000000 9.000000 0 28.000000 0.000000 0 4.000000 9.000000 0 11.000000 12.000000 0 4.000000 11.000000 0 289.000000 528.000000 0 19.000000 0.000000 0 11.000000 0.000000
00401 10 0 296.000000 566.000000 0 9.000000 9.000000 0 11.000000 9.000000 0 11.000000 12.000000 0 4.000000 9.000000 0 28.000000 0.000000 0 11.000000 0.000000 0 290.000000 531.000000 0 288.000000 532.000000 0 289.000000 530.000000
00402 10 0 296.000000 566.000000 0 9.000000 9.000000 0 11.000000 9.000000 0 9.000000 3.000000 0 11.000000 12.000000 0 28.000000 0.000000 0 4.000000 3.000000 0 18.000000 2.000000 0 289.000000 530.000000 0 288.000000 530.000000
00403 10 0 9.000000 9.000000 0 11.000000 9.000000 0 296.000000 566.000000 0 9.000000 3.000000 0 28.000000 0.000000 0 288.000000 531.000000 0 11.000000 12.000000 0 4.000000 3.000000 0 288.000000 529.000000 0 11.000000 0.000000
00404 10 0 9.000000 9.000000 0 296.000000 566.000000 0 11.000000 9.000000 0 28.000000 0.000000 0 288.000000 529.000000 0 288.000000 531.000000 0 4.000000 3.000000 0 9.000000 3.000000 0 4.000000 9.000000 0 4.000000 11.000000
00405 10 0 296.000000 566.000000 0 11.000000 9.000000 0 9.000000 9.000000 0 288.000000 529.000000 0 28.000000 0.000000 0 11.000000 1.000000 0 4.000000 9.000000 0 11.000000 12.000000 0 4.000000 3.000000 0 9.000000 3.000000
00406 10 0 9.000000 9.000000 0 296.000000 566.000000 0 4.000000 11.000000 0 12.000000 12.000000 0 11.000000 12.000000 0 28.000000 0.000000 0 288.000000 529.000000 0 9.000000 3.000000 0 4.000000 9.000000 0 5.000000 3.000000
00407 10 0 9.000000 9.000000 0 296.000000 566.000000 0 4.000000 2.000000 0 28.000000 0.000000 0 11.000000 12.000000 0 12.000000 12.000000 0 13.000000 10.000000 0 9.000000 3.000000 0 11.000000 14.000000 0 4.000000 3.000000
00408 10 0 296.000000 566.000000 0 9.000000 9.000000 0 4.000000 3.000000 0 9.000000 3.000000 0 28.000000 0.000000 0 12.000000 12.000000 0 11.000000 12.000000 0 288.000000 532.000000 0 288.000000 530.000000 0 289.000000 529.000000
00409 10 0 296.000000 566.000000 0 11.000000 9.000000 0 9.000000 9.000000 0 4.000000 3.000000 0 11.000000 12.000000 0 9.000000 3.000000 0 28.000000 0.000000 0 12.000000 12.000000 0 10.000000 0.000000 0 11.000000 0.000000
00410 10 0 11.000000 9.000000 0 9.000000 9.000000 0 296.000000 566.000000 0 12.000000 12.000000 0 9.000000 3.000000 0 28.000000 0.000000 0 11.000000 12.000000 0 12.000000 1.000000 0 18.000000 0.000000 0 14.000000 1.000000
00411 10 0 11.000000 9.000000 0 296.000000 566.000000 0 9.000000 9.000000 0 9.000000 3.000000 0 4.000000 9.000000 0 11.000000 1.000000 0 12.000000 12.000000 0 11.000000 12.000000 0 28.000000 0.000000 0 13.000000 5.000000
00412 10 0 296.000000 566.000000 0 9.000000 9.000000 0 11.000000 9.000000 0 11.000000 1.000000 0 9.000000 3.000000 0 4.000000 9.000000 0 28.000000 0.000000 0 12.000000 12.000000 0 11.000000 12.000000 0 0.000000 1.000000
00413 10 0 296.000000 566.000000 0 11.000000 9.000000 0 9.000000 9.000000 0 11.000000 1.000000 0 4.000000 9.000000 0 4.000000 3.000000 0 9.000000 3.000000 0 11.000000 12.000000 0 12.000000 12.000000 0 9.000000 2.000000
00414 10 0 9.000000 9.000000 0 296.000000 566.000000 0 11.000000 1.000000 0 5.000000 3.000000 0 11.000000 12.000000 0 4.000000 9.000000 0 12.000000 12.000000 0 13.000000 11.000000 0 28.000000 0.000000 0 9.000000 3.000000
00415 10 0 296.000000 566.000000 0 9.000000 9.000000 0 4.000000 3.000000 0 9.000000 3.000000 0 5.000000 3.000000 0 11.000000 1.000000 0 11.000000 12.000000 0 4.000000 9.000000 0 12.000000 12.000000 0 28.000000 0.000000
00416 10 0 296.000000 566.000000 0 9.000000 9.000000 0 11.000000 9.000000 0 12.000000 12.000000 0 4.000000 9.000000 0 288.000000 531.000000 0 28.000000 0.000000 0 11.000000 12.000000 0 9.000000 3.000000 0 11.000000 1.000000
00417 10 0 296.000000 566.000000 0 9.000000 9.000000 0 11.000000 9.000000 0 28.000000 0.000000 0 9.000000 3.000000 0 4.000000 9.000000 0 12.000000 12.000000 0 11.000000 12.000000 0 11.000000 1.000000 0 3.000000 6.000000
00418 10 0 9.000000 9.000000 0 296.000000 566.000000 0 11.000000 1.000000 0 9.000000 3.000000 0 4.000000 11.000000 0 11.000000 12.000000 0 28.000000 0.000000 0 4.000000 9.000000 0 12.000000 12.000000 0 8.000000 6.000000
00419 10 0 296.000000 566.000000 0 9.000000 9.000000 0 28.000000 0.000000 0 11.000000 1.000000 0 9.000000 3.000000 0 11.000000 12.000000 0 4.000000 11.000000 0 84.000000 46.000000 0 4.000000 9.000000 0 4.000000 4.000000
00420 10 0 296.000000 566.000000 0 9.000000 9.000000 0 11.000000 12.000000 0 9.000000 3.000000 0 4.000000 11.000000 0 4.000000 9.000000 0 28.000000 0.000000 0 11.000000 1.000000 0 5.000000 2.000000 0 12.000000 4.000000
00421 10 0 9.000000 9.000000 0 296.000000 566.000000 0 9.000000 3.000000 0 288.000000 529.000000 0 11.000000 12.000000 0 18.000000 0.000000 0 3.000000 4.000000 0 11.000000 0.000000 0 28.000000 0.000000 0 16.000000 0.000000
00422 10 0 9.000000 9.000000 0 11.000000 9.000000 0 11.000000 12.000000 0 4.000000 11.000000 0 288.000000 531.000000 0 11.000000 1.000000 0 28.000000 0.000000 0 288.000000 529.000000 0 11.000000 0.000000 0 4.000000 9.000000
00423 10 0 9.000000 9.000000 0 296.000000 566.000000 0 11.000000 9.000000 0 4.000000 9.000000 0 28.000000 0.000000 0 11.000000 12.000000 0 9.000000 3.000000 0 11.000000 1.000000 0 0.000000 1.000000 0 8.000000 0.000000
00424 10 0 296.000000 566.000000 0 11.000000 9.000000 0 9.000000 9.000000 0 288.000000 529.000000 0 288.000000 531.000000 0 11.000000 12.000000 0 11.000000 1.000000 0 28.000000 0.000000 0 8.000000 0.000000 0 4.000000 0.000000
00425 10 0 11.000000 9.000000 0 296.000000 566.000000 0 9.000000 9.000000 0 11.000000 12.000000 0 288.000000 531.000000 0 11.000000 1.000000 0 16.000000 0.000000 0 28.000000 0.000000 0 18.000000 0.000000 0 8.000000 0.000000
00426 10 0 9.000000 9.000000 0 296.000000 566.000000 0 8.000000 0.000000 0 4.000000 0.000000 0 10.000000 0.000000 0 11.000000 4.000000 0 12.000000 1.000000 0 12.000000 0.000000 0 12.000000 4.000000 0 18.000000 0.000000
00427 10 0 296.000000 566.000000 0 9.000000 9.000000 0 9.000000 3.000000 0 4.000000 9.000000 0 288.000000 531.000000 0 13.000000 12.000000 0 0.000000 5.000000 0 289.000000 531.000000 0 8.000000 6.000000 0 10.000000 6.000000
00428 10 0 296.000000 566.000000 0 9.000000 9.000000 0 9.000000 3.000000 0 288.000000 530.000000 0 12.000000 3.000000 0 5.000000 3.000000 0 4.000000 3.000000 0 0.000000 3.000000 0 12.000000 2.000000 0 13.000000 2.000000
00429 10 0 9.000000 9.000000 0 296.000000 566.000000 0 9.000000 3.000000 0 4.000000 9.000000 0 12.000000 3.000000 0 12.000000 1.000000 0 5.000000 3.000000 0 0.000000 1.000000 0 27.000000 1.000000 0 13.000000 1.000000
00430 10 0 9.000000 9.000000 0 11.000000 9.000000 0 28.000000 0.000000 0 4.000000 9.000000 0 11.000000 1.000000 0 9.000000 3.000000 0 296.000000 566.000000 0 14.000000 1.000000 0 4.000000 4.000000 0 12.000000 6.000000
00431 10 0 9.000000 9.000000 0 296.000000 566.000000 0 4.000000 9.000000 0 9.000000 3.000000 0 28.000000 0.000000 0 11.000000 1.000000 0 11.000000 6.000000 0 4.000000 1.000000 0 12.000000 6.000000 0 3.000000 4.000000
00432 10 0 9.000000 9.000000 0 11.000000 9.000000 0 296.000000 566.000000 0 11.000000 1.000000 0 9.000000 3.000000 0 4.000000 9.000000 0 5.000000 2.000000 0 12.000000 4.000000 0 3.000000 3.000000 0 4.000000 4.000000
00433 10 0 9.000000 9.000000 0 11.000000 9.000000 0 296.000000 566.000000 0 4.000000 9.000000 0 288.000000 529.000000 0 9.000000 3.000000 0 3.000000 1.000000 0 11.000000 0.000000 0 13.000000 1.000000 0 12.000000 1.000000
00434 10 0 9.000000 9.000000 0 11.000000 9.000000 0 296.000000 566.000000 0 9.000000 3.000000 0 288.000000 531.000000 0 288.000000 529.000000 0 0.000000 1.000000 0 12.000000 3.000000 0 11.000000 6.000000 0 4.000000 3.000000
00435 10 0 9.000000 9.000000 0 11.000000 9.000000 0 296.000000 566.000000 0 9.000000 3.000000 0 288.000000 529.000000 0 288.000000 531.000000 0 11.000000 1.000000 0 5.000000 3.000000 0 4.000000 9.000000 0 5.000000 8.000000
00436 10 0 11.000000 9.000000 0 9.000000 9.000000 0 296.000000 566.000000 0 11.000000 1.000000 0 9.000000 3.000000 0 11.000000 0.000000 0 4.000000 9.000000 0 11.000000 3.000000 0 0.000000 2.000000 0 1.000000 2.000000
00437 10 0 296.000000 566.000000 0 9.000000 9.000000 0 11.000000 9.000000 0 9.000000 3.000000 0 11.000000 4.000000 0 4.000000 9.000000 0 11.000000 0.000000 0 11.000000 6.000000 0 11.000000 1.000000 0 289.000000 531.000000
00438 10 0 296.000000 566.000000 0 9.000000 9.000000 0 11.000000 9.000000 0 11.000000 1.000000 0 9.000000 3.000000 0 4.000000 9.000000 0 12.000000 12.000000 0 14.000000 2.000000 0 288.000000 530.000000 0 84.000000 52.000000
00439 10 0 9.000000 9.000000 0 296.000000 566.000000 0 11.000000 9.000000 0 4.000000 9.000000 0 11.000000 12.000000 0 9.000000 3.000000 0 12.000000 2.000000 0 4.000000 3.000000 0 13.000000 4.000000 0 12.000000 3.000000
00440 10 0 296.000000 566.000000 0 9.000000 9.000000 0 11.000000 9.000000 0 12.000000 12.000000 0 4.000000 9.000000 0 11.000000 12.000000 0 9.000000 3.000000 0 17.000000 0.000000 0 16.000000 0.000000 0 14.000000 0.000000
00441 10 0 11.000000 9.000000 0 9.000000 9.000000 0 296.000000 566.000000 0 288.000000 529.000000 0 4.000000 9.000000 0 288.000000 531.000000 0 9.000000 3.000000 0 8.000000 6.000000 0 9.000000 6.000000 0 14.000000 11.000000
00442 10 0 9.000000 9.000000 0 11.000000 9.000000 0 296.000000 566.000000 0 288.000000 529.000000 0 4.000000 9.000000 0 9.000000 3.000000 0 6.000000 6.000000 0 12.000000 4.000000 0 4.000000 2.000000 0 3.000000 0.000000
00443 10 0 296.000000 566.000000 0 11.000000 9.000000 0 9.000000 9.000000 0 4.000000 9.000000 0 9.000000 3.000000 0 3.000000 0.000000 0 16.000000 0.000000 0 4.000000 0.000000 0 14.000000 0.000000 0 13.000000 0.000000
00444 10 0 296.000000 566.000000 0 11.000000 9.000000 0 9.000000 9.000000 0 11.000000 0.000000 0 9.000000 2.000000 0 288.000000 531.000000 0 4.000000 9.000000 0 288.000000 529.000000 0 9.000000 3.000000 0 12.000000 3.000000
00445 10 0 11.000000 9.000000 0 9.000000 9.000000 0 296.000000 566.000000 0 9.000000 3.000000 0 288.000000 529.000000 0 14.000000 0.000000 0 9.000000 6.000000 0 13.000000 0.000000 0 12.000000 2.000000 0 12.000000 4.000000
00446 10 0 296.000000 566.000000 0 8.000000 10.000000 0 11.000000 9.000000 0 9.000000 9.000000 0 288.000000 531.000000 0 288.000000 529.000000 0 9.000000 3.000000 0 0.000000 1.000000 0 16.000000 0.000000 0 3.000000 1.000000
00447 10 0 9.000000 9.000000 0 11.000000 9.000000 0 296.000000 566.000000 0 288.000000 531.000000 0 9.000000 3.000000 0 288.000000 529.000000 0 12.000000 6.000000 0 2.000000 6.000000 0 0.000000 5.000000 0 8.000000 0.000000
00448 10 0 9.000000 9.000000 0 11.000000 9.000000 0 296.000000 566.000000 0 288.000000 529.000000 0 4.000000 9.000000 0 288.000000 531.000000 0 9.000000 3.000000 0 8.000000 0.000000 0 5.000000 1.000000 0 0.000000 1.000000
00449 10 0 9.000000 9.000000 0 11.000000 9.000000 0 296.000000 566.000000 0 288.000000 529.000000 0 4.000000 9.000000 0 288.000000 531.000000 0 9.000000 3.000000 0 4.000000 2.000000 0 13.000000 3.000000 0 12.000000 3.000000
00450 10 0 9.000000 9.000000 0 296.000000 566.000000 0 11.000000 9.000000 0 288.000000 529.000000 0 9.000000 3.000000 0 4.000000 0.000000 0 13.000000 12.000000 0 4.000000 11.000000 0 5.000000 8.000000 0 13.000000 5.000000
00451 10 0 9.000000 9.000000 0 11.000000 9.000000 0 9.000000 3.000000 0 288.000000 529.000000 0 4.000000 0.000000 0 10.000000 0.000000 0 12.000000 0.000000 0 11.000000 0.000000 0 13.000000 0.000000 0 12.000000 3.000000
00452 10 0 296.000000 566.000000 0 11.000000 9.000000 0 9.000000 9.000000 0 9.000000 3.000000 0 288.000000 529.000000 0 4.000000 9.000000 0 3.000000 1.000000 0 13.000000 0.000000 0 4.000000 0.000000 0 5.000000 3.000000
00453 10 0 296.000000 566.000000 0 11.000000 9.000000 0 9.000000 9.000000 0 288.000000 529.000000 0 4.000000 9.000000 0 9.000000 3.000000 0 12.000000 4.000000 0 288.000000 526.000000 0 288.000000 532.000000 0 13.000000 4.000000
00454 10 0 9.000000 9.000000 0 11.000000 9.000000 0 296.000000 566.000000 0 288.000000 529.000000 0 9.000000 3.000000 0 4.000000 9.000000 0 11.000000 0.000000 0 15.000000 0.000000 0 13.000000 5.000000 0 6.000000 6.000000
00455 10 0 9.000000 9.000000 0 11.000000 9.000000 0 4.000000 9.000000 0 288.000000 529.000000 0 9.000000 3.000000 0 8.000000 19.000000 0 12.000000 3.000000 0 12.000000 6.000000 0 10.000000 6.000000 0 3.000000 6.000000
00456 10 0 9.000000 9.000000 0 11.000000 9.000000 0 288.000000 529.000000 0 288.000000 531.000000 0 9.000000 3.000000 0 11.000000 0.000000 0 11.000000 1.000000 0 296.000000 566.000000 0 9.000000 6.000000 0 1.000000 1.000000
00457 10 0 9.000000 9.000000 0 11.000000 1.000000 0 296.000000 566.000000 0 288.000000 529.000000 0 9.000000 3.000000 0 8.000000 19.000000 0 0.000000 3.000000 0 4.000000 8.000000 0 84.000000 46.000000 0 14.000000 11.000000
00458 10 0 9.000000 9.000000 0 9.000000 3.000000 0 288.000000 531.000000 0 288.000000 529.000000 0 4.000000 9.000000 0 296.000000 566.000000 0 11.000000 1.000000 0 0.000000 5.000000 0 0.000000 1.000000 0 16.000000 0.000000
00459 10 0 9.000000 9.000000 0 296.000000 566.000000 0 288.000000 529.000000 0 9.000000 3.000000 0 288.000000 531.000000 0 4.000000 3.000000 0 0.000000 1.000000 0 12.000000 1.000000 0 1.000000 1.000000 0 3.000000 1.000000
00460 10 0 9.000000 9.000000 0 11.000000 1.000000 0 4.000000 9.000000 0 288.000000 529.000000 0 9.000000 3.000000 0 288.000000 531.000000 0 84.000000 46.000000 0 28.000000 0.000000 0 0.000000 2.000000 0 3.000000 0.000000
00461 10 0 9.000000 9.000000 0 288.000000 529.000000 0 296.000000 566.000000 0 4.000000 9.000000 0 11.000000 1.000000 0 9.000000 3.000000 0 13.000000 5.000000 0 288.000000 532.000000 0 0.000000 5.000000 0 4.000000 4.000000
00462 10 0 296.000000 566.000000 0 9.000000 9.000000 0 288.000000 531.000000 0 9.000000 3.000000 0 8.000000 0.000000 0 10.000000 0.000000 0 11.000000 0.000000 0 12.000000 0.000000 0 13.000000 0.000000 0 5.000000 2.000000
00463 10 0 9.000000 9.000000 0 296.000000 566.000000 0 288.000000 529.000000 0 288.000000 531.000000 0 289.000000 531.000000 0 9.000000 3.000000 0 4.000000 0.000000 0 5.000000 2.000000 0 6.000000 6.000000 0 2.000000 6.000000
00464 10 0 9.000000 9.000000 0 288.000000 529.000000 0 288.000000 531.000000 0 296.000000 566.000000 0 9.000000 3.000000 0 12.000000 1.000000 0 3.000000 4.000000 0 5.000000 9.000000 0 13.000000 5.000000 0 0.000000 5.000000
00465 10 0 9.000000 9.000000 0 13.000000 10.000000 0 4.000000 11.000000 0 4.000000 9.000000 0 9.000000 3.000000 0 296.000000 566.000000 0 4.000000 0.000000 0 3.000000 6.000000 0 13.000000 1.000000 0 12.000000 1.000000
00466 10 0 9.000000 9.000000 0 11.000000 9.000000 0 4.000000 11.000000 0 4.000000 9.000000 0 9.000000 3.000000 0 296.000000 566.000000 0 4.000000 3.000000 0 289.000000 528.000000 0 290.000000 528.000000 0 12.000000 0.000000
00467 10 0 296.000000 566.000000 0 9.000000 9.000000 0 9.000000 3.000000 0 288.000000 529.000000 0 4.000000 11.000000 0 288.000000 531.000000 0 4.000000 3.000000 0 10.000000 0.000000 0 11.000000 0.000000 0 13.000000 0.000000
00468 10 0 11.000000 9.000000 0 9.000000 9.000000 0 288.000000 529.000000 0 4.000000 11.000000 0 288.000000 531.000000 0 9.000000 3.000000 0 288.000000 530.000000 0 296.000000 566.000000 0 1.000000 1.000000 0 5.000000 8.000000
00469 10 0 9.000000 9.000000 0 296.000000 566.000000 0 288.000000 530.000000 0 288.000000 531.000000 0 288.000000 529.000000 0 9.000000 3.000000 0 12.000000 3.000000 0 13.000000 0.000000 0 12.000000 0.000000 0 8.000000 0.000000
00470 10 0 9.000000 9.000000 0 9.000000 3.000000 0 296.000000 566.000000 0 4.000000 9.000000 0 288.000000 529.000000 0 4.000000 11.000000 0 0.000000 1.000000 0 13.000000 0.000000 0 12.000000 1.000000 0 4.000000 0.000000
00471 10 0 296.000000 566.000000 0 9.000000 9.000000 0 11.000000 9.000000 0 4.000000 9.000000 0 288.000000 531.000000 0 9.000000 3.000000 0 288.000000 529.000000 0 4.000000 11.000000 0 9.000000 2.000000 0 291.000000 529.000000
00472 10 0 9.000000 9.000000 0 11.000000 9.000000 0 288.000000 529.000000 0 288.000000 531.000000 0 4.000000 11.000000 0 4.000000 9.000000 0 296.000000 566.000000 0 9.000000 3.000000 0 5.000000 3.000000 0 12.000000 1.000000
00473 10 0 11.000000 9.000000 0 9.000000 9.000000 0 296.000000 566.000000 0 4.000000 9.000000 0 288.000000 529.000000 0 4.000000 11.000000 0 13.000000 0.000000 0 84.000000 45.000000 0 9.000000 1.000000 0 289.000000 532.000000
00474 10 0 9.000000 9.000000 0 4.000000 9.000000 0 4.000000 11.000000 0 288.000000 529.000000 0 296.000000 566.000000 0 9.000000 3.000000 0 12.000000 4.000000 0 0.000000 5.000000 0 84.000000 46.000000 0 12.000000 16.000000
00475 10 0 9.000000 9.000000 0 9.000000 3.000000 0 288.000000 529.000000 0 4.000000 9.000000 0 288.000000 531.000000 0 296.000000 566.000000 0 0.000000 5.000000 0 13.000000 5.000000 0 289.000000 525.000000 0 14.000000 11.000000
00476 10 0 9.000000 9.000000 0 13.000000 10.000000 0 12.000000 9.000000 0 4.000000 11.000000 0 9.000000 3.000000 0 296.000000 566.000000 0 288.000000 529.000000 0 10.000000 0.000000 0 0.000000 1.000000 0 12.000000 1.000000
00477 10 0 9.000000 9.000000 0 11.000000 1.000000 0 12.000000 9.000000 0 288.000000 529.000000 0 11.000000 0.000000 0 13.000000 10.000000 0 4.000000 11.000000 0 296.000000 566.000000 0 9.000000 3.000000 0 0.000000 2.000000
00478 10 0 9.000000 9.000000 0 12.000000 11.000000 0 288.000000 529.000000 0 12.000000 9.000000 0 13.000000 11.000000 0 13.000000 10.000000 0 13.000000 8.000000 0 296.000000 566.000000 0 12.000000 1.000000 0 290.000000 526.000000
00479 10 0 9.000000 9.000000 0 9.000000 3.000000 0 296.000000 566.000000 0 288.000000 529.000000 0 12.000000 3.000000 0 13.000000 0.000000 0 5.000000 3.000000 0 8.000000 0.000000 0 4.000000 3.000000 0 4.000000 9.000000
00480 10 0 9.000000 9.000000 0 9.000000 3.000000 0 296.000000 566.000000 0 288.000000 529.000000 0 84.000000 45.000000 0 4.000000 2.000000 0 4.000000 4.000000 0 85.000000 46.000000 0 84.000000 46.000000 0 11.000000 14.000000
00481 10 0 11.000000 9.000000 0 296.000000 566.000000 0 9.000000 9.000000 0 288.000000 529.000000 0 9.000000 3.000000 0 11.000000 6.000000 0 12.000000 6.000000 0 10.000000 6.000000 0 12.000000 4.000000 0 11.000000 0.000000
00482 10 0 296.000000 566.000000 0 11.000000 9.000000 0 9.000000 9.000000 0 9.000000 3.000000 0 288.000000 529.000000 0 13.000000 0.000000 0 12.000000 0.000000 0 12.000000 1.000000 0 3.000000 1.000000 0 13.000000 5.000000
00483 10 0 9.000000 9.000000 0 11.000000 9.000000 0 296.000000 566.000000 0 288.000000 529.000000 0 9.000000 3.000000 0 11.000000 12.000000 0 10.000000 0.000000 0 13.000000 5.000000 0 12.000000 6.000000 0 4.000000 2.000000
00484 10 0 11.000000 9.000000 0 9.000000 9.000000 0 288.000000 529.000000 0 11.000000 12.000000 0 296.000000 566.000000 0 9.000000 3.000000 0 12.000000 0.000000 0 12.000000 6.000000 0 10.000000 0.000000 0 11.000000 0.000000
00485 10 0 9.000000 9.000000 0 11.000000 9.000000 0 296.000000 566.000000 0 288.000000 529.000000 0 84.000000 46.000000 0 10.000000 0.000000 0 12.000000 3.000000 0 4.000000 4.000000 0 0.000000 5.000000 0 84.000000 50.000000
00486 10 0 9.000000 9.000000 0 11.000000 9.000000 0 288.000000 529.000000 0 84.000000 46.000000 0 296.000000 566.000000 0 288.000000 531.000000 0 4.000000 7.000000 0 4.000000 8.000000 0 11.000000 3.000000 0 4.000000 2.000000
00487 10 0 9.000000 9.000000 0 11.000000 9.000000 0 84.000000 46.000000 0 288.000000 531.000000 0 288.000000 529.000000 0 296.000000 566.000000 0 0.000000 5.000000 0 10.000000 5.000000 0 13.000000 5.000000 0 14.000000 11.000000
00488 10 0 9.000000 9.000000 0 296.000000 566.000000 0 4.000000 9.000000 0 288.000000 529.000000 0 288.000000 531.000000 0 9.000000 2.000000 0 8.000000 2.000000 0 0.000000 1.000000 0 11.000000 3.000000 0 13.000000 2.000000
00489 10 0 296.000000 566.000000 0 9.000000 9.000000 0 11.000000 9.000000 0 288.000000 531.000000 0 288.000000 529.000000 0 4.000000 9.000000 0 9.000000 6.000000 0 28.000000 0.000000 0 10.000000 6.000000 0 13.000000 0.000000
00490 10 0 9.000000 9.000000 0 296.000000 566.000000 0 11.000000 9.000000 0 288.000000 531.000000 0 288.000000 529.000000 0 9.000000 3.000000 0 12.000000 12.000000 0 13.000000 14.000000 0 11.000000 14.000000 0 0.000000 1.000000
00491 10 0 296.000000 566.000000 0 11.000000 9.000000 0 9.000000 9.000000 0 9.000000 3.000000 0 288.000000 529.000000 0 288.000000 531.000000 0 4.000000 0.000000 0 3.000000 1.000000 0 0.000000 5.000000 0 5.000000 3.000000
00492 10 0 296.000000 566.000000 0 11.000000 9.000000 0 9.000000 9.000000 0 288.000000 531.000000 0 9.000000 3.000000 0 9.000000 6.000000 0 12.000000 4.000000 0 13.000000 2.000000 0 11.000000 14.000000 0 12.000000 6.000000
00493 10 0 9.000000 9.000000 0 11.000000 9.000000 0 9.000000 3.000000 0 296.000000 566.000000 0 12.000000 6.000000 0 290.000000 532.000000 0 4.000000 0.000000 0 288.000000 529.000000 0 289.000000 529.000000 0 290.000000 530.000000
00494 10 0 11.000000 9.000000 0 9.000000 9.000000 0 9.000000 3.000000 0 296.000000 566.000000 0 289.000000 531.000000 0 290.000000 531.000000 0 0.000000 1.000000 0 4.000000 0.000000 0 289.000000 530.000000 0 4.000000 3.000000
00495 10 0 296.000000 566.000000 0 9.000000 9.000000 0 11.000000 9.000000 0 288.000000 531.000000 0 9.000000 3.000000 0 4.000000 9.000000 0 85.000000 48.000000 0 5.000000 3.000000 0 0.000000 2.000000 0 14.000000 1.000000
00496 10 0 11.000000 9.000000 0 296.000000 566.000000 0 9.000000 9.000000 0 288.000000 531.000000 0 9.000000 3.000000 0 12.000000 13.000000 0 85.000000 46.000000 0 84.000000 46.000000 0 4.000000 9.000000 0 84.000000 52.000000
00497 10 0 296.000000 566.000000 0 9.000000 9.000000 0 9.000000 3.000000 0 288.000000 531.000000 0 4.000000 9.000000 0 11.000000 0.000000 0 13.000000 0.000000 0 13.000000 5.000000 0 0.000000 5.000000 0 291.000000 528.000000
00498 10 0 9.000000 9.000000 0 296.000000 566.000000 0 4.000000 9.000000 0 288.000000 531.000000 0 9.000000 3.000000 0 12.000000 3.000000 0 4.000000 4.000000 0 4.000000 0.000000 0 13.000000 5.000000 0 11.000000 6.000000
00499 10 0 296.000000 566.000000 0 9.000000 9.000000 0 11.000000 9.000000 0 288.000000 531.000000 0 4.000000 9.000000 0 85.000000 46.000000 0 9.000000 4.000000 0 13.000000 0.000000 0 11.000000 0.000000 0 12.000000 0.000000
00500 10 0 9.000000 9.000000 0 296.000000 566.000000 0 13.000000 8.000000 0 85.000000 46.000000 0 9.000000 2.000000 0 84.000000 52.000000 0 291.000000 530.000000 0 290.000000 530.000000 0 9.000000 3.000000 0 10.000000 5.000000
00501 10 0 296.000000 566.000000 0 9.000000 9.000000 0 4.000000 9.000000 0 13.000000 8.000000 0 9.000000 3.000000 0 5.000000 3.000000 0 291.000000 528.000000 0 290.000000 528.000000 0 289.000000 528.000000 0 0.000000 1.000000
00502 10 0 9.000000 9.000000 0 296.000000 566.000000 0 4.000000 9.000000 0 13.000000 9.000000 0 12.000000 9.000000 0 13.000000 10.000000 0 13.000000 8.000000 0 288.000000 531.000000 0 11.000000 3.000000 0 3.000000 1.000000
00503 10 0 9.000000 9.000000 0 11.000000 9.000000 0 296.000000 566.000000 0 4.000000 9.000000 0 11.000000 0.000000 0 9.000000 2.000000 0 4.000000 0.000000 0 10.000000 0.000000 0 4.000000 2.000000 0 291.000000 530.000000
00504 10 0 11.000000 9.000000 0 9.000000 9.000000 0 296.000000 566.000000 0 288.000000 531.000000 0 288.000000 529.000000 0 13.000000 1.000000 0 11.000000 1.000000 0 10.000000 1.000000 0 0.000000 1.000000 0 10.000000 12.000000
00505 10 0 11.000000 9.000000 0 9.000000 9.000000 0 296.000000 566.000000 0 9.000000 2.000000 0 0.000000 1.000000 0 12.000000 1.000000 0 10.000000 1.000000 0 4.000000 0.000000 0 12.000000 3.000000 0 11.000000 4.000000
00506 10 0 296.000000 566.000000 0 9.000000 9.000000 0 13.000000 10.000000 0 9.000000 3.000000 0 12.000000 9.000000 0 289.000000 530.000000 0 288.000000 530.000000 0 289.000000 533.000000 0 291.000000 529.000000 0 288.000000 533.000000
00507 10 0 11.000000 9.000000 0 9.000000 9.000000 0 296.000000 566.000000 0 12.000000 12.000000 0 11.000000 12.000000 0 85.000000 46.000000 0 9.000000 3.000000 0 12.000000 3.000000 0 5.000000 3.000000 0 288.000000 528.000000
00508 10 0 11.000000 9.000000 0 9.000000 9.000000 0 296.000000 566.000000 0 9.000000 3.000000 0 5.000000 3.000000 0 4.000000 3.000000 0 13.000000 1.000000 0 10.000000 0.000000 0 4.000000 0.000000 0 12.000000 1.000000
00509 10 0 296.000000 566.000000 0 9.000000 9.000000 0 9.000000 3.000000 0 13.000000 10.000000 0 85.000000 46.000000 0 11.000000 14.000000 0 10.000000 14.000000 0 291.000000 531.000000 0 290.000000 528.000000 0 291.000000 528.000000
00510 10 0 9.000000 9.000000 0 296.000000 566.000000 0 11.000000 9.000000 0 9.000000 3.000000 0 288.000000 529.000000 0 12.000000 12.000000 0 85.000000 46.000000 0 84.000000 46.000000 0 1.000000 2.000000 0 4.000000 4.000000
00511 10 0 9.000000 9.000000 0 296.000000 566.000000 0 4.000000 9.000000 0 4.000000 0.000000 0 84.000000 52.000000 0 16.000000 10.000000 0 11.000000 3.000000 0 288.000000 532.000000 0 9.000000 3.000000 0 289.000000 527.000000
00512 10 0 9.000000 9.000000 0 11.000000 9.000000 0 296.000000 566.000000 0 11.000000 12.000000 0 4.000000 9.000000 0 12.000000 12.000000 0 288.000000 529.000000 0 9.000000 3.000000 0 291.000000 530.000000 0 12.000000 0.000000
00513 10 0 296.000000 566.000000 0 9.000000 9.000000 0 4.000000 9.000000 0 13.000000 10.000000 0 288.000000 531.000000 0 289.000000 531.000000 0 288.000000 529.000000 0 13.000000 9.000000 0 9.000000 3.000000 0 13.000000 5.000000
00514 10 0 9.000000 9.000000 0 296.000000 566.000000 0 288.000000 532.000000 0 4.000000 9.000000 0 289.000000 531.000000 0 9.000000 3.000000 0 288.000000 529.000000 0 288.000000 531.000000 0 3.000000 4.000000 0 85.000000 46.000000
00515 10 0 9.000000 9.000000 0 296.000000 566.000000 0 4.000000 9.000000 0 13.000000 10.000000 0 85.000000 46.000000 0 288.000000 529.000000 0 13.000000 11.000000 0 13.000000 9.000000 0 84.000000 46.000000 0 9.000000 3.000000
00516 10 0 296.000000 566.000000 0 11.000000 9.000000 0 9.000000 9.000000 0 9.000000 3.000000 0 4.000000 9.000000 0 84.000000 46.000000 0 12.000000 12.000000 0 85.000000 46.000000 0 2.000000 0.000000 0 11.000000 0.000000
00517 10 0 9.000000 9.000000 0 296.000000 566.000000 0 11.000000 9.000000 0 4.000000 9.000000 0 288.000000 529.000000 0 85.000000 46.000000 0 12.000000 12.000000 0 84.000000 46.000000 0 9.000000 3.000000 0 3.000000 1.000000
00518 10 0 9.000000 9.000000 0 11.000000 9.000000 0 85.000000 46.000000 0 296.000000 566.000000 0 9.000000 3.000000 0 11.000000 14.000000 0 12.000000 1.000000 0 11.000000 0.000000 0 0.000000 1.000000 0 10.000000 0.000000
00519 10 0 9.000000 9.000000 0 296.000000 566.000000 0 11.000000 9.000000 0 85.000000 48.000000 0 85.000000 45.000000 0 84.000000 46.000000 0 9.000000 3.000000 0 85.000000 46.000000 0 84.000000 52.000000 0 0.000000 2.000000
00520 10 0 11.000000 9.000000 0 296.000000 566.000000 0 9.000000 9.000000 0 9.000000 3.000000 0 85.000000 46.000000 0 288.000000 532.000000 0 84.000000 46.000000 0 5.000000 3.000000 0 289.000000 528.000000 0 288.000000 528.000000
00521 10 0 296.000000 566.000000 0 11.000000 9.000000 0 9.000000 9.000000 0 288.000000 532.000000 0 288.000000 531.000000 0 9.000000 3.000000 0 4.000000 4.000000 0 12.000000 4.000000 0 3.000000 4.000000 0 12.000000 5.000000
00522 10 0 296.000000 566.000000 0 11.000000 9.000000 0 9.000000 9.000000 0 11.000000 6.000000 0 288.000000 532.000000 0 288.000000 531.000000 0 289.000000 531.000000 0 9.000000 3.000000 0 85.000000 46.000000 0 12.000000 0.000000
00523 10 0 11.000000 9.000000 0 9.000000 9.000000 0 296.000000 566.000000 0 9.000000 3.000000 0 85.000000 46.000000 0 4.000000 3.000000 0 292.000000 528.000000 0 291.000000 528.000000 0 5.000000 3.000000 0 288.000000 529.000000
00524 10 0 9.000000 9.000000 0 296.000000 566.000000 0 11.000000 9.000000 0 85.000000 46.000000 0 9.000000 3.000000 0 84.000000 46.000000 0 11.000000 0.000000 0 28.000000 0.000000 0 10.000000 6.000000 0 9.000000 6.000000
00525 10 0 9.000000 9.000000 0 296.000000 566.000000 0 11.000000 9.000000 0 4.000000 4.000000 0 13.000000 0.000000 0 28.000000 0.000000 0 0.000000 1.000000 0 11.000000 0.000000 0 12.000000 0.000000 0 291.000000 530.000000
00526 10 0 9.000000 9.000000 0 296.000000 566.000000 0 84.000000 46.000000 0 0.000000 3.000000 0 11.000000 0.000000 0 1.000000 1.000000 0 13.000000 0.000000 0 12.000000 0.000000 0 0.000000 1.000000 0 11.000000 4.000000
00527 10 0 11.000000 9.000000 0 9.000000 9.000000 0 9.000000 3.000000 0 296.000000 566.000000 0 84.000000 46.000000 0 13.000000 0.000000 0 5.000000 5.000000 0 0.000000 1.000000 0 13.000000 5.000000 0 10.000000 0.000000
00528 10 0 9.000000 9.000000 0 11.000000 9.000000 0 296.000000 566.000000 0 9.000000 3.000000 0 84.000000 46.000000 0 85.000000 46.000000 0 11.000000 6.000000 0 12.000000 6.000000 0 11.000000 13.000000 0 290.000000 526.000000
00529 10 0 9.000000 9.000000 0 296.000000 566.000000 0 11.000000 9.000000 0 85.000000 46.000000 0 9.000000 3.000000 0 5.000000 5.000000 0 28.000000 0.000000 0 84.000000 50.000000 0 2.000000 6.000000 0 12.000000 0.000000
00530 10 0 296.000000 566.000000 0 9.000000 9.000000 0 11.000000 9.000000 0 291.000000 528.000000 0 11.000000 1.000000 0 10.000000 1.000000 0 293.000000 528.000000 0 8.000000 4.000000 0 9.000000 4.000000 0 288.000000 529.000000
00531 10 0 296.000000 566.000000 0 9.000000 9.000000 0 11.000000 9.000000 0 4.000000 4.000000 0 4.000000 0.000000 0 10.000000 0.000000 0 0.000000 1.000000 0 8.000000 4.000000 0 13.000000 0.000000 0 12.000000 0.000000
00532 10 0 11.000000 9.000000 0 9.000000 9.000000 0 296.000000 566.000000 0 11.000000 6.000000 0 9.000000 3.000000 0 290.000000 527.000000 0 10.000000 0.000000 0 4.000000 0.000000 0 28.000000 0.000000 0 290.000000 528.000000
00533 10 0 296.000000 566.000000 0 11.000000 9.000000 0 9.000000 9.000000 0 9.000000 3.000000 0 11.000000 6.000000 0 84.000000 52.000000 0 28.000000 0.000000 0 0.000000 5.000000 0 10.000000 0.000000 0 3.000000 1.000000
00534 10 0 296.000000 566.000000 0 11.000000 9.000000 0 9.000000 9.000000 0 9.000000 3.000000 0 10.000000 0.000000 0 11.000000 0.000000 0 289.000000 534.000000 0 84.000000 50.000000 0 4.000000 3.000000 0 5.000000 3.000000
00535 10 0 296.000000 566.000000 0 9.000000 9.000000 0 11.000000 9.000000 0 11.000000 6.000000 0 9.000000 3.000000 0 4.000000 9.000000 0 1.000000 2.000000 0 0.000000 1.000000 0 289.000000 528.000000 0 3.000000 1.000000
00536 10 0 296.000000 566.000000 0 11.000000 9.000000 0 9.000000 9.000000 0 11.000000 6.000000 0 9.000000 3.000000 0 5.000000 3.000000 0 3.000000 0.000000 0 4.000000 0.000000 0 13.000000 1.000000 0 13.000000 0.000000
00537 10 0 9.000000 9.000000 0 11.000000 9.000000 0 296.000000 566.000000 0 9.000000 3.000000 0 11.000000 6.000000 0 4.000000 9.000000 0 4.000000 11.000000 0 3.000000 0.000000 0 12.000000 15.000000 0 13.000000 1.000000
00538 10 0 296.000000 566.000000 0 9.000000 9.000000 0 11.000000 9.000000 0 11.000000 4.000000 0 9.000000 3.000000 0 11.000000 6.000000 0 0.000000 1.000000 0 4.000000 3.000000 0 12.000000 0.000000 0 11.000000 0.000000
00539 10 0 11.000000 9.000000 0 9.000000 9.000000 0 296.000000 566.000000 0 9.000000 3.000000 0 12.000000 12.000000 0 4.000000 9.000000 0 4.000000 11.000000 0 3.000000 1.000000 0 0.000000 2.000000 0 1.000000 2.000000
00540 10 0 11.000000 9.000000 0 9.000000 9.000000 0 296.000000 566.000000 0 4.000000 11.000000 0 4.000000 9.000000 0 11.000000 12.000000 0 11.000000 4.000000 0 10.000000 5.000000 0 12.000000 12.000000 0 9.000000 3.000000
00541 10 0 296.000000 566.000000 0 9.000000 9.000000 0 11.000000 9.000000 0 10.000000 5.000000 0 11.000000 6.000000 0 9.000000 3.000000 0 11.000000 12.000000 0 12.000000 12.000000 0 11.000000 4.000000 0 288.000000 531.000000
00542 10 0 296.000000 566.000000 0 9.000000 9.000000 0 11.000000 9.000000 0 84.000000 46.000000 0 85.000000 46.000000 0 11.000000 4.000000 0 10.000000 5.000000 0 11.000000 6.000000 0 9.000000 3.000000 0 16.000000 0.000000
00543 10 0 296.000000 566.000000 0 9.000000 9.000000 0 11.000000 9.000000 0 84.000000 46.000000 0 11.000000 4.000000 0 85.000000 46.000000 0 9.000000 3.000000 0 11.000000 6.000000 0 12.000000 1.000000 0 3.000000 1.000000
00544 10 0 296.000000 566.000000 0 11.000000 9.000000 0 9.000000 9.000000 0 4.000000 9.000000 0 9.000000 3.000000 0 13.000000 1.000000 0 14.000000 1.000000 0 8.000000 0.000000 0 28.000000 0.000000 0 4.000000 3.000000
00545 10 0 11.000000 9.000000 0 9.000000 9.000000 0 296.000000 566.000000 0 4.000000 9.000000 0 85.000000 46.000000 0 8.000000 3.000000 0 4.000000 0.000000 0 13.000000 2.000000 0 11.000000 1.000000 0 12.000000 1.000000
00546 10 0 11.000000 9.000000 0 9.000000 9.000000 0 296.000000 566.000000 0 11.000000 6.000000 0 9.000000 3.000000 0 13.000000 2.000000 0 5.000000 2.000000 0 0.000000 1.000000 0 1.000000 1.000000 0 289.000000 530.000000
00547 10 0 296.000000 566.000000 0 9.000000 9.000000 0 13.000000 8.000000 0 9.000000 3.000000 0 13.000000 10.000000 0 13.000000 9.000000 0 11.000000 6.000000 0 4.000000 3.000000 0 0.000000 2.000000 0 12.000000 2.000000
00548 10 0 9.000000 9.000000 0 296.000000 566.000000 0 13.000000 10.000000 0 9.000000 3.000000 0 12.000000 9.000000 0 13.000000 9.000000 0 13.000000 8.000000 0 10.000000 0.000000 0 11.000000 0.000000 0 4.000000 0.000000
00549 10 0 9.000000 9.000000 0 296.000000 566.000000 0 4.000000 11.000000 0 10.000000 5.000000 0 9.000000 3.000000 0 11.000000 6.000000 0 13.000000 10.000000 0 292.000000 531.000000 0 291.000000 531.000000 0 13.000000 0.000000
00550 10 0 296.000000 566.000000 0 9.000000 9.000000 0 85.000000 46.000000 0 12.000000 9.000000 0 10.000000 5.000000 0 8.000000 0.000000 0 11.000000 0.000000 0 10.000000 0.000000 0 4.000000 3.000000 0 0.000000 1.000000
00551 10 0 9.000000 9.000000 0 11.000000 9.000000 0 296.000000 566.000000 0 85.000000 46.000000 0 9.000000 3.000000 0 4.000000 9.000000 0 8.000000 0.000000 0 290.000000 531.000000 0 289.000000 531.000000 0 288.000000 531.000000
00552 10 0 296.000000 566.000000 0 11.000000 9.000000 0 9.000000 9.000000 0 4.000000 11.000000 0 4.000000 9.000000 0 9.000000 3.000000 0 84.000000 46.000000 0 291.000000 533.000000 0 290.000000 533.000000 0 289.000000 533.000000
00553 10 0 9.000000 9.000000 0 11.000000 9.000000 0 296.000000 566.000000 0 9.000000 3.000000 0 289.000000 532.000000 0 290.000000 532.000000 0 291.000000 527.000000 0 84.000000 52.000000 0 292.000000 527.000000 0 289.000000 528.000000
00554 10 0 11.000000 9.000000 0 296.000000 566.000000 0 9.000000 9.000000 0 9.000000 3.000000 0 3.000000 3.000000 0 4.000000 3.000000 0 2.000000 0.000000 0 3.000000 0.000000 0 85.000000 45.000000 0 11.000000 15.000000
00555 10 0 11.000000 9.000000 0 9.000000 9.000000 0 296.000000 566.000000 0 9.000000 3.000000 0 84.000000 50.000000 0 11.000000 6.000000 0 4.000000 9.000000 0 84.000000 46.000000 0 85.000000 46.000000 0 4.000000 11.000000
00556 10 0 296.000000 566.000000 0 11.000000 9.000000 0 9.000000 9.000000 0 85.000000 48.000000 0 85.000000 46.000000 0 10.000000 5.000000 0 84.000000 50.000000 0 84.000000 46.000000 0 84.000000 52.000000 0 11.000000 4.000000
00557 10 0 9.000000 9.000000 0 11.000000 9.000000 0 296.000000 566.000000 0 11.000000 6.000000 0 12.000000 6.000000 0 10.000000 5.000000 0 4.000000 9.000000 0 85.000000 46.000000 0 4.000000 11.000000 0 9.000000 3.000000
00558 10 0 9.000000 9.000000 0 296.000000 566.000000 0 85.000000 46.000000 0 12.000000 9.000000 0 4.000000 11.000000 0 13.000000 7.000000 0 4.000000 9.000000 0 12.000000 8.000000 0 13.000000 8.000000 0 12.000000 6.000000
00559 10 0 296.000000 566.000000 0 9.000000 9.000000 0 85.000000 46.000000 0 12.000000 6.000000 0 9.000000 3.000000 0 13.000000 7.000000 0 12.000000 9.000000 0 4.000000 9.000000 0 7.000000 5.000000 0 11.000000 6.000000
00560 10 0 296.000000 566.000000 0 9.000000 9.000000 0 11.000000 9.000000 0 9.000000 3.000000 0 11.000000 6.000000 0 84.000000 47.000000 0 11.000000 4.000000 0 12.000000 6.000000 0 85.000000 46.000000 0 84.000000 46.000000
00561 10 0 85.000000 46.000000 0 11.000000 9.000000 0 296.000000 566.000000 0 9.000000 9.000000 0 4.000000 11.000000 0 11.000000 6.000000 0 12.000000 6.000000 0 11.000000 4.000000 0 9.000000 3.000000 0 11.000000 0.000000
00562 10 0 9.000000 9.000000 0 296.000000 566.000000 0 12.000000 6.000000 0 11.000000 4.000000 0 9.000000 3.000000 0 11.000000 6.000000 0 12.000000 8.000000 0 13.000000 10.000000 0 4.000000 9.000000 0 85.000000 46.000000
00563 10 0 11.000000 9.000000 0 296.000000 566.000000 0 9.000000 9.000000 0 11.000000 6.000000 0 10.000000 5.000000 0 4.000000 11.000000 0 11.000000 4.000000 0 12.000000 6.000000 0 9.000000 3.000000 0 9.000000 4.000000
00564 10 0 9.000000 9.000000 0 296.000000 566.000000 0 11.000000 9.000000 0 9.000000 4.000000 0 10.000000 5.000000 0 85.000000 46.000000 0 11.000000 6.000000 0 4.000000 11.000000 0 12.000000 6.000000 0 9.000000 3.000000
00565 10 0 296.000000 566.000000 0 9.000000 9.000000 0 11.000000 9.000000 0 12.000000 6.000000 0 11.000000 6.000000 0 9.000000 3.000000 0 9.000000 4.000000 0 10.000000 5.000000 0 4.000000 9.000000 0 85.000000 46.000000
00566 10 0 296.000000 566.000000 0 11.000000 9.000000 0 9.000000 9.000000 0 85.000000 46.000000 0 4.000000 9.000000 0 11.000000 6.000000 0 9.000000 3.000000 0 10.000000 5.000000 0 288.000000 532.000000 0 6.000000 6.000000
00567 10 0 11.000000 9.000000 0 9.000000 9.000000 0 296.000000 566.000000 0 85.000000 46.000000 0 11.000000 6.000000 0 9.000000 3.000000 0 84.000000 43.000000 0 12.000000 0.000000 0 289.000000 532.000000 0 12.000000 3.000000
00568 10 0 296.000000 566.000000 0 9.000000 9.000000 0 11.000000 9.000000 0 11.000000 4.000000 0 85.000000 46.000000 0 9.000000 3.000000 0 10.000000 5.000000 0 11.000000 6.000000 0 293.000000 532.000000 0 13.000000 0.000000
00569 10 0 296.000000 566.000000 0 9.000000 9.000000 0 11.000000 9.000000 0 11.000000 6.000000 0 4.000000 9.000000 0 11.000000 4.000000 0 11.000000 0.000000 0 10.000000 5.000000 0 9.000000 3.000000 0 291.000000 526.000000
00570 10 0 296.000000 566.000000 0 11.000000 9.000000 0 9.000000 9.000000 0 9.000000 3.000000 0 85.000000 46.000000 0 11.000000 6.000000 0 4.000000 9.000000 0 5.000000 8.000000 0 0.000000 3.000000 0 4.000000 0.000000
00571 10 0 296.000000 566.000000 0 11.000000 9.000000 0 9.000000 9.000000 0 9.000000 4.000000 0 10.000000 5.000000 0 9.000000 3.000000 0 11.000000 4.000000 0 11.000000 3.000000 0 11.000000 6.000000 0 85.000000 46.000000
00572 10 0 11.000000 9.000000 0 296.000000 566.000000 0 9.000000 9.000000 0 10.000000 5.000000 0 4.000000 9.000000 0 11.000000 6.000000 0 85.000000 46.000000 0 9.000000 3.000000 0 12.000000 1.000000 0 84.000000 43.000000
00573 10 0 296.000000 566.000000 0 9.000000 9.000000 0 11.000000 9.000000 0 9.000000 3.000000 0 10.000000 5.000000 0 11.000000 6.000000 0 11.000000 4.000000 0 12.000000 6.000000 0 85.000000 46.000000 0 288.000000 527.000000
00574 10 0 11.000000 9.000000 0 296.000000 566.000000 0 9.000000 9.000000 0 12.000000 12.000000 0 4.000000 9.000000 0 10.000000 5.000000 0 11.000000 12.000000 0 12.000000 6.000000 0 85.000000 46.000000 0 11.000000 4.000000
00575 10 0 9.000000 9.000000 0 296.000000 566.000000 0 11.000000 9.000000 0 11.000000 6.000000 0 12.000000 12.000000 0 9.000000 3.000000 0 10.000000 5.000000 0 12.000000 6.000000 0 11.000000 4.000000 0 4.000000 9.000000
00576 10 0 296.000000 566.000000 0 11.000000 9.000000 0 9.000000 9.000000 0 12.000000 6.000000 0 10.000000 6.000000 0 10.000000 5.000000 0 11.000000 6.000000 0 13.000000 5.000000 0 11.000000 12.000000 0 4.000000 9.000000
00577 10 0 11.000000 9.000000 0 9.000000 9.000000 0 296.000000 566.000000 0 11.000000 4.000000 0 8.000000 4.000000 0 85.000000 46.000000 0 11.000000 6.000000 0 12.000000 12.000000 0 11.000000 12.000000 0 4.000000 9.000000
00578 10 0 296.000000 566.000000 0 11.000000 9.000000 0 9.000000 9.000000 0 10.000000 5.000000 0 12.000000 6.000000 0 11.000000 6.000000 0 8.000000 4.000000 0 85.000000 46.000000 0 12.000000 12.000000 0 9.000000 3.000000
00579 10 0 9.000000 9.000000 0 11.000000 9.000000 0 296.000000 566.000000 0 85.000000 46.000000 0 11.000000 4.000000 0 11.000000 6.000000 0 9.000000 3.000000 0 10.000000 5.000000 0 12.000000 6.000000 0 12.000000 12.000000
00580 10 0 296.000000 566.000000 0 11.000000 9.000000 0 9.000000 9.000000 0 11.000000 4.000000 0 10.000000 5.000000 0 11.000000 6.000000 0 12.000000 6.000000 0 85.000000 46.000000 0 9.000000 4.000000 0 11.000000 3.000000
00581 10 0 11.000000 9.000000 0 9.000000 9.000000 0 296.000000 566.000000 0 85.000000 46.000000 0 10.000000 6.000000 0 12.000000 6.000000 0 11.000000 6.000000 0 9.000000 3.000000 0 11.000000 4.000000 0 10.000000 5.000000
00582 10 0 296.000000 566.000000 0 9.000000 9.000000 0 11.000000 9.000000 0 9.000000 3.000000 0 12.000000 6.000000 0 10.000000 5.000000 0 11.000000 6.000000 0 10.000000 6.000000 0 85.000000 48.000000 0 4.000000 9.000000
00583 10 0 296.000000 566.000000 0 9.000000 9.000000 0 11.000000 9.000000 0 85.000000 46.000000 0 9.000000 3.000000 0 10.000000 5.000000 0 11.000000 4.000000 0 12.000000 12.000000 0 12.000000 6.000000 0 11.000000 6.000000
00584 10 0 296.000000 566.000000 0 9.000000 9.000000 0 11.000000 9.000000 0 12.000000 6.000000 0 10.000000 6.000000 0 11.000000 6.000000 0 7.000000 5.000000 0 10.000000 5.000000 0 8.000000 4.000000 0 85.000000 46.000000
00585 10 0 296.000000 566.000000 0 11.000000 9.000000 0 9.000000 9.000000 0 12.000000 12.000000 0 9.000000 4.000000 0 11.000000 6.000000 0 12.000000 6.000000 0 9.000000 3.000000 0 10.000000 6.000000 0 10.000000 5.000000
00586 10 0 296.000000 566.000000 0 11.000000 9.000000 0 9.000000 9.000000 0 12.000000 12.000000 0 11.000000 4.000000 0 10.000000 5.000000 0 9.000000 3.000000 0 9.000000 4.000000 0 11.000000 6.000000 0 10.000000 6.000000
00587 10 0 11.000000 9.000000 0 296.000000 566.000000 0 9.000000 9.000000 0 10.000000 5.000000 0 11.000000 4.000000 0 12.000000 6.000000 0 12.000000 12.000000 0 11.000000 6.000000 0 9.000000 3.000000 0 0.000000 1.000000
00588 10 0 296.000000 566.000000 0 11.000000 9.000000 0 9.000000 9.000000 0 9.000000 3.000000 0 12.000000 6.000000 0 84.000000 46.000000 0 10.000000 5.000000 0 11.000000 6.000000 0 13.000000 5.000000 0 85.000000 46.000000
00589 10 0 11.000000 9.000000 0 9.000000 9.000000 0 296.000000 566.000000 0 10.000000 5.000000 0 12.000000 12.000000 0 9.000000 3.000000 0 12.000000 6.000000 0 11.000000 4.000000 0 85.000000 46.000000 0 11.000000 6.000000
00590 10 0 296.000000 566.000000 0 11.000000 9.000000 0 9.000000 9.000000 0 10.000000 5.000000 0 84.000000 46.000000 0 11.000000 4.000000 0 85.000000 46.000000 0 11.000000 6.000000 0 9.000000 4.000000 0 9.000000 3.000000
00591 10 0 296.000000 566.000000 0 11.000000 9.000000 0 9.000000 9.000000 0 9.000000 3.000000 0 12.000000 6.000000 0 10.000000 5.000000 0 11.000000 6.000000 0 84.000000 46.000000 0 85.000000 46.000000 0 11.000000 4.000000
00592 10 0 296.000000 566.000000 0 11.000000 9.000000 0 9.000000 9.000000 0 85.000000 48.000000 0 85.000000 46.000000 0 12.000000 6.000000 0 10.000000 5.000000 0 12.000000 12.000000 0 9.000000 3.000000 0 11.000000 0.000000
00593 10 0 11.000000 9.000000 0 296.000000 566.000000 0 9.000000 9.000000 0 10.000000 5.000000 0 9.000000 3.000000 0 13.000000 5.000000 0 11.000000 6.000000 0 12.000000 6.000000 0 4.000000 9.000000 0 13.000000 14.000000
00594 10 0 296.000000 566.000000 0 11.000000 9.000000 0 9.000000 9.000000 0 85.000000 46.000000 0 9.000000 3.000000 0 84.000000 46.000000 0 85.000000 45.000000 0 84.000000 45.000000 0 4.000000 9.000000 0 11.000000 6.000000
00595 10 0 9.000000 9.000000 0 296.000000 566.000000 0 11.000000 9.000000 0 13.000000 5.000000 0 85.000000 48.000000 0 10.000000 5.000000 0 11.000000 6.000000 0 12.000000 6.000000 0 4.000000 11.000000 0 85.000000 46.000000
00596 10 0 11.000000 9.000000 0 9.000000 9.000000 0 296.000000 566.000000 0 12.000000 6.000000 0 12.000000 12.000000 0 11.000000 6.000000 0 84.000000 46.000000 0 85.000000 46.000000 0 11.000000 0.000000 0 11.000000 5.000000
00597 10 0 9.000000 9.000000 0 11.000000 9.000000 0 296.000000 566.000000 0 12.000000 6.000000 0 11.000000 0.000000 0 11.000000 6.000000 0 13.000000 5.000000 0 85.000000 46.000000 0 84.000000 46.000000 0 10.000000 5.000000
00598 10 0 296.000000 566.000000 0 9.000000 9.000000 0 11.000000 9.000000 0 10.000000 5.000000 0 11.000000 6.000000 0 10.000000 6.000000 0 12.000000 6.000000 0 11.000000 4.000000 0 9.000000 3.000000 0 13.000000 5.000000
00599 10 0 9.000000 9.000000 0 11.000000 9.000000 0 296.000000 566.000000 0 11.000000 6.000000 0 9.000000 3.000000 0 85.000000 46.000000 0 4.000000 3.000000 0 10.000000 5.000000 0 12.000000 6.000000 0 13.000000 5.000000
00600 10 0 9.000000 9.000000 0 296.000000 566.000000 0 11.000000 9.000000 0 4.000000 9.000000 0 85.000000 46.000000 0 84.000000 46.000000 0 13.000000 5.000000 0 11.000000 6.000000 0 9.000000 3.000000 0 12.000000 6.000000
00601 10 0 296.000000 566.000000 0 9.000000 9.000000 0 11.000000 9.000000 0 10.000000 5.000000 0 4.000000 9.000000 0 85.000000 46.000000 0 84.000000 46.000000 0 9.000000 3.000000 0 13.000000 5.000000 0 12.000000 6.000000
00602 10 0 11.000000 9.000000 0 9.000000 9.000000 0 296.000000 566.000000 0 12.000000 6.000000 0 13.000000 5.000000 0 11.000000 6.000000 0 10.000000 5.000000 0 84.000000 43.000000 0 84.000000 46.000000 0 9.000000 3.000000
00603 10 0 11.000000 9.000000 0 9.000000 9.000000 0 296.000000 566.000000 0 84.000000 46.000000 0 13.000000 5.000000 0 11.000000 6.000000 0 10.000000 5.000000 0 12.000000 6.000000 0 85.000000 46.000000 0 4.000000 9.000000
00604 10 0 9.000000 9.000000 0 11.000000 9.000000 0 296.000000 566.000000 0 12.000000 4.000000 0 84.000000 46.000000 0 9.000000 3.000000 0 85.000000 46.000000 0 4.000000 9.000000 0 11.000000 4.000000 0 12.000000 6.000000
00605 10 0 9.000000 9.000000 0 296.000000 566.000000 0 11.000000 9.000000 0 11.000000 6.000000 0 84.000000 46.000000 0 9.000000 3.000000 0 10.000000 5.000000 0 4.000000 9.000000 0 12.000000 6.000000 0 84.000000 43.000000
00606 10 0 9.000000 9.000000 0 296.000000 566.000000 0 11.000000 9.000000 0 12.000000 6.000000 0 11.000000 4.000000 0 11.000000 6.000000 0 10.000000 5.000000 0 9.000000 3.000000 0 1.000000 4.000000 0 0.000000 2.000000
00607 10 0 9.000000 9.000000 0 296.000000 566.000000 0 11.000000 9.000000 0 12.000000 6.000000 0 10.000000 6.000000 0 11.000000 4.000000 0 9.000000 3.000000 0 12.000000 4.000000 0 10.000000 5.000000 0 13.000000 5.000000
00608 10 0 296.000000 566.000000 0 9.000000 9.000000 0 11.000000 9.000000 0 11.000000 6.000000 0 10.000000 6.000000 0 11.000000 3.000000 0 9.000000 4.000000 0 11.000000 4.000000 0 9.000000 3.000000 0 9.000000 2.000000
00609 10 0 9.000000 9.000000 0 11.000000 9.000000 0 296.000000 566.000000 0 9.000000 3.000000 0 11.000000 6.000000 0 10.000000 5.000000 0 12.000000 6.000000 0 11.000000 4.000000 0 9.000000 4.000000 0 10.000000 6.000000
00610 10 0 9.000000 9.000000 0 296.000000 566.000000 0 11.000000 9.000000 0 12.000000 6.000000 0 11.000000 6.000000 0 10.000000 5.000000 0 9.000000 2.000000 0 11.000000 4.000000 0 9.000000 4.000000 0 9.000000 3.000000
00611 10 0 296.000000 566.000000 0 11.000000 9.000000 0 9.000000 9.000000 0 9.000000 3.000000 0 9.000000 4.000000 0 10.000000 5.000000 0 11.000000 4.000000 0 9.000000 2.000000 0 84.000000 46.000000 0 11.000000 6.000000
00612 10 0 296.000000 566.000000 0 11.000000 9.000000 0 9.000000 9.000000 0 9.000000 2.000000 0 13.000000 5.000000 0 12.000000 6.000000 0 11.000000 4.000000 0 10.000000 5.000000 0 11.000000 6.000000 0 9.000000 3.000000
00613 10 0 296.000000 566.000000 0 9.000000 9.000000 0 11.000000 9.000000 0 9.000000 6.000000 0 11.000000 6.000000 0 12.000000 6.000000 0 84.000000 46.000000 0 10.000000 6.000000 0 11.000000 5.000000 0 13.000000 5.000000
00614 10 0 9.000000 9.000000 0 11.000000 9.000000 0 296.000000 566.000000 0 10.000000 6.000000 0 7.000000 5.000000 0 9.000000 6.000000 0 11.000000 6.000000 0 12.000000 6.000000 0 10.000000 5.000000 0 9.000000 4.000000
00615 10 0 11.000000 9.000000 0 296.000000 566.000000 0 9.000000 9.000000 0 11.000000 0.000000 0 10.000000 6.000000 0 10.000000 5.000000 0 11.000000 1.000000 0 7.000000 5.000000 0 13.000000 5.000000 0 12.000000 4.000000
00616 10 0 296.000000 566.000000 0 9.000000 9.000000 0 11.000000 9.000000 0 7.000000 5.000000 0 11.000000 3.000000 0 11.000000 4.000000 0 12.000000 4.000000 0 11.000000 0.000000 0 85.000000 46.000000 0 13.000000 5.000000
00617 10 0 296.000000 566.000000 0 9.000000 9.000000 0 11.000000 9.000000 0 11.000000 5.000000 0 12.000000 4.000000 0 9.000000 4.000000 0 12.000000 6.000000 0 84.000000 46.000000 0 85.000000 45.000000 0 85.000000 46.000000
00618 10 0 9.000000 9.000000 0 296.000000 566.000000 0 11.000000 9.000000 0 11.000000 0.000000 0 4.000000 3.000000 0 12.000000 6.000000 0 11.000000 6.000000 0 10.000000 5.000000 0 84.000000 46.000000 0 5.000000 3.000000
00619 10 0 11.000000 9.000000 0 296.000000 566.000000 0 9.000000 9.000000 0 9.000000 4.000000 0 85.000000 46.000000 0 11.000000 6.000000 0 11.000000 3.000000 0 10.000000 6.000000 0 11.000000 4.000000 0 9.000000 3.000000
00620 10 0 11.000000 9.000000 0 9.000000 9.000000 0 296.000000 566.000000 0 11.000000 3.000000 0 12.000000 4.000000 0 13.000000 5.000000 0 85.000000 46.000000 0 84.000000 46.000000 0 11.000000 6.000000 0 12.000000 6.000000
00621 10 0 9.000000 9.000000 0 11.000000 9.000000 0 296.000000 566.000000 0 84.000000 46.000000 0 85.000000 46.000000 0 4.000000 9.000000 0 10.000000 5.000000 0 11.000000 6.000000 0 11.000000 4.000000 0 12.000000 6.000000
00622 10 0 9.000000 9.000000 0 11.000000 9.000000 0 296.000000 566.000000 0 85.000000 46.000000 0 9.000000 3.000000 0 84.000000 46.000000 0 11.000000 4.000000 0 12.000000 6.000000 0 11.000000 6.000000 0 10.000000 5.000000
00623 10 0 296.000000 566.000000 0 9.000000 9.000000 0 11.000000 9.000000 0 10.000000 5.000000 0 4.000000 9.000000 0 13.000000 5.000000 0 11.000000 6.000000 0 9.000000 4.000000 0 85.000000 46.000000 0 12.000000 6.000000
00624 10 0 11.000000 9.000000 0 9.000000 9.000000 0 296.000000 566.000000 0 85.000000 46.000000 0 12.000000 6.000000 0 84.000000 43.000000 0 10.000000 5.000000 0 11.000000 4.000000 0 11.000000 6.000000 0 9.000000 3.000000
00625 10 0 296.000000 566.000000 0 11.000000 9.000000 0 9.000000 9.000000 0 84.000000 46.000000 0 84.000000 45.000000 0 85.000000 46.000000 0 12.000000 6.000000 0 9.000000 3.000000 0 11.000000 6.000000 0 4.000000 9.000000
00626 10 0 11.000000 9.000000 0 9.000000 9.000000 0 296.000000 566.000000 0 85.000000 46.000000 0 9.000000 3.000000 0 11.000000 0.000000 0 12.000000 6.000000 0 84.000000 46.000000 0 11.000000 6.000000 0 84.000000 43.000000
00627 10 0 296.000000 566.000000 0 85.000000 46.000000 0 11.000000 9.000000 0 9.000000 9.000000 0 9.000000 2.000000 0 11.000000 1.000000 0 10.000000 5.000000 0 13.000000 5.000000 0 12.000000 6.000000 0 11.000000 6.000000
00628 10 0 9.000000 9.000000 0 11.000000 9.000000 0 296.000000 566.000000 0 10.000000 5.000000 0 13.000000 5.000000 0 10.000000 6.000000 0 12.000000 6.000000 0 11.000000 6.000000 0 11.000000 4.000000 0 84.000000 46.000000
00629 10 0 9.000000 9.000000 0 296.000000 566.000000 0 11.000000 9.000000 0 9.000000 3.000000 0 4.000000 3.000000 0 9.000000 2.000000 0 11.000000 1.000000 0 11.000000 6.000000 0 12.000000 6.000000 0 10.000000 6.000000
00630 10 0 9.000000 9.000000 0 296.000000 566.000000 0 11.000000 9.000000 0 11.000000 0.000000 0 9.000000 3.000000 0 9.000000 6.000000 0 12.000000 6.000000 0 11.000000 6.000000 0 13.000000 5.000000 0 10.000000 6.000000
00631 10 0 9.000000 9.000000 0 11.000000 9.000000 0 296.000000 566.000000 0 9.000000 4.000000 0 11.000000 3.000000 0 11.000000 4.000000 0 10.000000 6.000000 0 11.000000 6.000000 0 11.000000 0.000000 0 10.000000 5.000000
00632 10 0 296.000000 566.000000 0 9.000000 9.000000 0 11.000000 9.000000 0 10.000000 6.000000 0 9.000000 6.000000 0 11.000000 6.000000 0 11.000000 4.000000 0 13.000000 5.000000 0 4.000000 9.000000 0 11.000000 0.000000
00633 10 0 11.000000 9.000000 0 9.000000 9.000000 0 9.000000 3.000000 0 296.000000 566.000000 0 10.000000 6.000000 0 9.000000 6.000000 0 12.000000 6.000000 0 13.000000 5.000000 0 11.000000 0.000000 0 11.000000 12.000000
00634 10 0 9.000000 9.000000 0 9.000000 3.000000 0 296.000000 566.000000 0 11.000000 9.000000 0 11.000000 6.000000 0 85.000000 46.000000 0 12.000000 6.000000 0 4.000000 9.000000 0 11.000000 0.000000 0 12.000000 0.000000
00635 10 0 9.000000 3.000000 0 9.000000 9.000000 0 296.000000 566.000000 0 11.000000 9.000000 0 12.000000 0.000000 0 85.000000 46.000000 0 4.000000 11.000000 0 4.000000 9.000000 0 11.000000 0.000000 0 12.000000 4.000000
00636 10 0 296.000000 566.000000 0 9.000000 9.000000 0 11.000000 0.000000 0 10.000000 1.000000 0 12.000000 11.000000 0 11.000000 4.000000 0 85.000000 46.000000 0 10.000000 5.000000 0 12.000000 8.000000 0 13.000000 7.000000
00637 10 0 296.000000 566.000000 0 11.000000 9.000000 0 9.000000 9.000000 0 10.000000 1.000000 0 11.000000 1.000000 0 9.000000 2.000000 0 11.000000 6.000000 0 12.000000 0.000000 0 11.000000 4.000000 0 12.000000 4.000000
00638 10 0 11.000000 9.000000 0 9.000000 9.000000 0 296.000000 566.000000 0 10.000000 5.000000 0 12.000000 4.000000 0 11.000000 4.000000 0 9.000000 2.000000 0 11.000000 1.000000 0 9.000000 3.000000 0 12.000000 6.000000
00639 10 0 296.000000 566.000000 0 11.000000 9.000000 0 9.000000 9.000000 0 11.000000 0.000000 0 9.000000 2.000000 0 9.000000 4.000000 0 9.000000 3.000000 0 10.000000 1.000000 0 11.000000 1.000000 0 4.000000 9.000000
00640 10 0 296.000000 566.000000 0 9.000000 9.000000 0 9.000000 4.000000 0 12.000000 0.000000 0 9.000000 3.000000 0 11.000000 1.000000 0 85.000000 46.000000 0 13.000000 9.000000 0 13.000000 10.000000 0 4.000000 9.000000
00641 10 0 11.000000 9.000000 0 9.000000 9.000000 0 296.000000 566.000000 0 13.000000 5.000000 0 9.000000 4.000000 0 12.000000 0.000000 0 10.000000 5.000000 0 11.000000 4.000000 0 11.000000 0.000000 0 12.000000 6.000000
00642 10 0 296.000000 566.000000 0 11.000000 9.000000 0 9.000000 9.000000 0 9.000000 2.000000 0 12.000000 0.000000 0 11.000000 3.000000 0 11.000000 0.000000 0 10.000000 5.000000 0 11.000000 6.000000 0 13.000000 5.000000
00643 10 0 296.000000 566.000000 0 9.000000 9.000000 0 11.000000 9.000000 0 11.000000 0.000000 0 12.000000 0.000000 0 11.000000 4.000000 0 13.000000 5.000000 0 12.000000 6.000000 0 11.000000 6.000000 0 85.000000 46.000000
00644 10 0 296.000000 566.000000 0 9.000000 9.000000 0 10.000000 5.000000 0 11.000000 4.000000 0 12.000000 8.000000 0 13.000000 5.000000 0 11.000000 1.000000 0 13.000000 10.000000 0 11.000000 3.000000 0 10.000000 1.000000
00645 10 0 296.000000 566.000000 0 9.000000 9.000000 0 11.000000 9.000000 0 9.000000 3.000000 0 12.000000 0.000000 0 12.000000 6.000000 0 4.000000 9.000000 0 11.000000 4.000000 0 12.000000 4.000000 0 11.000000 3.000000
00646 10 0 11.000000 9.000000 0 9.000000 9.000000 0 296.000000 566.000000 0 13.000000 5.000000 0 10.000000 5.000000 0 11.000000 5.000000 0 12.000000 6.000000 0 84.000000 46.000000 0 9.000000 2.000000 0 4.000000 9.000000
00647 10 0 11.000000 9.000000 0 9.000000 9.000000 0 296.000000 566.000000 0 11.000000 0.000000 0 12.000000 6.000000 0 10.000000 6.000000 0 12.000000 0.000000 0 4.000000 9.000000 0 11.000000 1.000000 0 11.000000 6.000000
00648 10 0 11.000000 9.000000 0 9.000000 9.000000 0 296.000000 566.000000 0 11.000000 6.000000 0 9.000000 4.000000 0 13.000000 5.000000 0 84.000000 46.000000 0 85.000000 46.000000 0 9.000000 3.000000 0 11.000000 4.000000
00649 10 0 9.000000 9.000000 0 11.000000 9.000000 0 296.000000 566.000000 0 11.000000 0.000000 0 84.000000 46.000000 0 13.000000 5.000000 0 12.000000 6.000000 0 11.000000 6.000000 0 9.000000 3.000000 0 11.000000 3.000000
00650 10 0 11.000000 9.000000 0 9.000000 9.000000 0 296.000000 566.000000 0 11.000000 4.000000 0 10.000000 5.000000 0 11.000000 1.000000 0 12.000000 6.000000 0 84.000000 46.000000 0 10.000000 6.000000 0 11.000000 6.000000
00651 10 0 9.000000 9.000000 0 296.000000 566.000000 0 11.000000 9.000000 0 9.000000 3.000000 0 11.000000 3.000000 0 12.000000 0.000000 0 9.000000 2.000000 0 4.000000 9.000000 0 12.000000 4.000000 0 10.000000 5.000000
00652 10 0 296.000000 566.000000 0 11.000000 9.000000 0 9.000000 9.000000 0 11.000000 4.000000 0 9.000000 4.000000 0 11.000000 6.000000 0 9.000000 3.000000 0 84.000000 46.000000 0 11.000000 0.000000 0 9.000000 2.000000
00653 10 0 9.000000 9.000000 0 11.000000 9.000000 0 296.000000 566.000000 0 11.000000 6.000000 0 12.000000 6.000000 0 11.000000 4.000000 0 10.000000 5.000000 0 4.000000 9.000000 0 9.000000 4.000000 0 85.000000 46.000000
00654 10 0 11.000000 9.000000 0 9.000000 9.000000 0 296.000000 566.000000 0 9.000000 3.000000 0 11.000000 3.000000 0 10.000000 5.000000 0 13.000000 5.000000 0 11.000000 6.000000 0 4.000000 9.000000 0 12.000000 6.000000
00655 10 0 296.000000 566.000000 0 11.000000 9.000000 0 9.000000 9.000000 0 9.000000 2.000000 0 11.000000 6.000000 0 9.000000 4.000000 0 85.000000 46.000000 0 12.000000 6.000000 0 84.000000 46.000000 0 10.000000 5.000000
00656 10 0 11.000000 9.000000 0 9.000000 9.000000 0 296.000000 566.000000 0 84.000000 46.000000 0 11.000000 3.000000 0 11.000000 4.000000 0 11.000000 6.000000 0 9.000000 4.000000 0 13.000000 5.000000 0 84.000000 52.000000
00657 10 0 296.000000 566.000000 0 11.000000 9.000000 0 9.000000 9.000000 0 85.000000 46.000000 0 13.000000 5.000000 0 10.000000 5.000000 0 84.000000 46.000000 0 12.000000 6.000000 0 11.000000 4.000000 0 9.000000 4.000000
00658 10 0 9.000000 9.000000 0 296.000000 566.000000 0 11.000000 9.000000 0 84.000000 46.000000 0 13.000000 5.000000 0 11.000000 4.000000 0 8.000000 4.000000 0 12.000000 4.000000 0 10.000000 6.000000 0 8.000000 5.000000
00659 10 0 9.000000 9.000000 0 296.000000 566.000000 0 11.000000 9.000000 0 85.000000 46.000000 0 84.000000 46.000000 0 8.000000 5.000000 0 13.000000 5.000000 0 10.000000 5.000000 0 11.000000 4.000000 0 11.000000 6.000000
00660 10 0 296.000000 566.000000 0 9.000000 9.000000 0 11.000000 9.000000 0 9.000000 4.000000 0 10.000000 6.000000 0 11.000000 4.000000 0 11.000000 6.000000 0 85.000000 46.000000 0 13.000000 5.000000 0 10.000000 5.000000
00661 10 0 296.000000 566.000000 0 84.000000 46.000000 0 11.000000 9.000000 0 9.000000 9.000000 0 84.000000 43.000000 0 12.000000 6.000000 0 84.000000 52.000000 0 10.000000 5.000000 0 13.000000 5.000000 0 8.000000 4.000000
00662 10 0 9.000000 9.000000 0 11.000000 9.000000 0 296.000000 566.000000 0 11.000000 6.000000 0 12.000000 6.000000 0 10.000000 6.000000 0 9.000000 3.000000 0 8.000000 4.000000 0 9.000000 4.000000 0 84.000000 46.000000
00663 10 0 296.000000 566.000000 0 11.000000 9.000000 0 9.000000 9.000000 0 10.000000 6.000000 0 9.000000 4.000000 0 8.000000 4.000000 0 8.000000 5.000000 0 84.000000 46.000000 0 85.000000 46.000000 0 7.000000 5.000000
00664 10 0 11.000000 9.000000 0 9.000000 9.000000 0 296.000000 566.000000 0 9.000000 3.000000 0 84.000000 47.000000 0 8.000000 4.000000 0 84.000000 46.000000 0 85.000000 46.000000 0 84.000000 43.000000 0 10.000000 6.000000
00665 10 0 11.000000 9.000000 0 84.000000 46.000000 0 9.000000 9.000000 0 296.000000 566.000000 0 9.000000 3.000000 0 84.000000 50.000000 0 11.000000 3.000000 0 10.000000 5.000000 0 84.000000 41.000000 0 7.000000 5.000000
00666 10 0 11.000000 9.000000 0 9.000000 9.000000 0 296.000000 566.000000 0 12.000000 6.000000 0 11.000000 4.000000 0 11.000000 6.000000 0 85.000000 46.000000 0 9.000000 3.000000 0 45.000000 48.000000 0 11.000000 3.000000
00667 10 0 296.000000 566.000000 0 9.000000 9.000000 0 11.000000 9.000000 0 12.000000 6.000000 0 11.000000 3.000000 0 85.000000 46.000000 0 11.000000 6.000000 0 84.000000 47.000000 0 10.000000 5.000000 0 11.000000 4.000000
00668 10 0 296.000000 566.000000 0 11.000000 9.000000 0 9.000000 9.000000 0 11.000000 6.000000 0 9.000000 4.000000 0 10.000000 5.000000 0 12.000000 6.000000 0 85.000000 46.000000 0 84.000000 46.000000 0 84.000000 47.000000
00669 10 0 296.000000 566.000000 0 9.000000 9.000000 0 11.000000 9.000000 0 12.000000 6.000000 0 11.000000 0.000000 0 10.000000 5.000000 0 12.000000 4.000000 0 9.000000 3.000000 0 85.000000 46.000000 0 9.000000 4.000000
00670 10 0 11.000000 9.000000 0 296.000000 566.000000 0 9.000000 9.000000 0 9.000000 3.000000 0 11.000000 4.000000 0 10.000000 6.000000 0 10.000000 5.000000 0 11.000000 6.000000 0 85.000000 46.000000 0 11.000000 3.000000
00671 10 0 9.000000 9.000000 0 296.000000 566.000000 0 11.000000 9.000000 0 9.000000 4.000000 0 85.000000 46.000000 0 9.000000 3.000000 0 10.000000 6.000000 0 12.000000 6.000000 0 7.000000 5.000000 0 11.000000 6.000000
00672 10 0 296.000000 566.000000 0 11.000000 9.000000 0 9.000000 9.000000 0 11.000000 6.000000 0 12.000000 6.000000 0 9.000000 2.000000 0 9.000000 4.000000 0 85.000000 46.000000 0 13.000000 5.000000 0 84.000000 46.000000
00673 10 0 11.000000 9.000000 0 9.000000 9.000000 0 296.000000 566.000000 0 10.000000 5.000000 0 11.000000 6.000000 0 11.000000 4.000000 0 85.000000 46.000000 0 12.000000 6.000000 0 9.000000 3.000000 0 5.000000 2.000000
00674 10 0 11.000000 9.000000 0 9.000000 9.000000 0 296.000000 566.000000 0 12.000000 6.000000 0 9.000000 3.000000 0 84.000000 46.000000 0 9.000000 4.000000 0 85.000000 46.000000 0 11.000000 6.000000 0 10.000000 5.000000
00675 10 0 296.000000 566.000000 0 11.000000 9.000000 0 9.000000 9.000000 0 10.000000 5.000000 0 11.000000 4.000000 0 9.000000 4.000000 0 11.000000 6.000000 0 4.000000 9.000000 0 85.000000 46.000000 0 84.000000 46.000000
00676 10 0 296.000000 566.000000 0 11.000000 9.000000 0 9.000000 9.000000 0 11.000000 4.000000 0 84.000000 46.000000 0 10.000000 5.000000 0 85.000000 46.000000 0 11.000000 6.000000 0 12.000000 6.000000 0 9.000000 3.000000
00677 10 0 11.000000 9.000000 0 9.000000 9.000000 0 296.000000 566.000000 0 10.000000 5.000000 0 85.000000 46.000000 0 11.000000 4.000000 0 12.000000 6.000000 0 84.000000 46.000000 0 11.000000 6.000000 0 9.000000 3.000000
00678 10 0 296.000000 566.000000 0 9.000000 9.000000 0 11.000000 6.000000 0 12.000000 6.000000 0 12.000000 8.000000 0 13.000000 8.000000 0 9.000000 3.000000 0 13.000000 9.000000 0 9.000000 4.000000 0 10.000000 5.000000
00679 10 0 9.000000 9.000000 0 296.000000 566.000000 0 13.000000 8.000000 0 12.000000 8.000000 0 9.000000 3.000000 0 13.000000 7.000000 0 85.000000 46.000000 0 84.000000 46.000000 0 11.000000 6.000000 0 0.000000 1.000000
00680 10 0 11.000000 9.000000 0 296.000000 566.000000 0 9.000000 9.000000 0 11.000000 6.000000 0 9.000000 3.000000 0 11.000000 4.000000 0 10.000000 5.000000 0 85.000000 46.000000 0 84.000000 46.000000 0 4.000000 11.000000
00681 10 0 296.000000 566.000000 0 9.000000 9.000000 0 11.000000 4.000000 0 10.000000 5.000000 0 11.000000 6.000000 0 9.000000 3.000000 0 12.000000 8.000000 0 4.000000 0.000000 0 4.000000 3.000000 0 6.000000 4.000000
00682 10 0 11.000000 9.000000 0 9.000000 9.000000 0 296.000000 566.000000 0 11.000000 6.000000 0 9.000000 3.000000 0 291.000000 533.000000 0 293.000000 528.000000 0 289.000000 529.000000 0 5.000000 3.000000 0 4.000000 3.000000
00683 10 0 296.000000 566.000000 0 9.000000 9.000000 0 11.000000 6.000000 0 9.000000 3.000000 0 288.000000 529.000000 0 12.000000 6.000000 0 293.000000 531.000000 0 289.000000 533.000000 0 288.000000 532.000000 0 289.000000 532.000000
00684 10 0 9.000000 9.000000 0 296.000000 566.000000 0 288.000000 529.000000 0 11.000000 6.000000 0 9.000000 3.000000 0 4.000000 3.000000 0 6.000000 4.000000 0 5.000000 4.000000 0 292.000000 532.000000 0 84.000000 41.000000
00685 10 0 296.000000 566.000000 0 9.000000 9.000000 0 9.000000 3.000000 0 12.000000 4.000000 0 12.000000 0.000000 0 12.000000 3.000000 0 84.000000 47.000000 0 84.000000 43.000000 0 6.000000 6.000000 0 290.000000 533.000000
00686 10 0 296.000000 566.000000 0 9.000000 9.000000 0 9.000000 3.000000 0 6.000000 4.000000 0 10.000000 0.000000 0 12.000000 0.000000 0 290.000000 527.000000 0 289.000000 527.000000 0 4.000000 2.000000 0 292.000000 527.000000
00687 10 0 9.000000 9.000000 0 296.000000 566.000000 0 9.000000 3.000000 0 76.000000 7.000000 0 0.000000 1.000000 0 288.000000 532.000000 0 289.000000 532.000000 0 290.000000 532.000000 0 292.000000 532.000000 0 289.000000 533.000000
00688 10 0 296.000000 566.000000 0 9.000000 9.000000 0 9.000000 3.000000 0 85.000000 46.000000 0 6.000000 5.000000 0 5.000000 5.000000 0 289.000000 533.000000 0 290.000000 533.000000 0 13.000000 5.000000 0 4.000000 0.000000
00689 10 0 9.000000 9.000000 0 296.000000 566.000000 0 84.000000 46.000000 0 85.000000 46.000000 0 9.000000 3.000000 0 291.000000 532.000000 0 290.000000 530.000000 0 292.000000 530.000000 0 290.000000 531.000000 0 290.000000 532.000000
00690 10 0 9.000000 9.000000 0 296.000000 566.000000 0 85.000000 46.000000 0 84.000000 46.000000 0 9.000000 3.000000 0 289.000000 530.000000 0 290.000000 530.000000 0 5.000000 3.000000 0 291.000000 530.000000 0 13.000000 5.000000
00691 10 0 9.000000 9.000000 0 296.000000 566.000000 0 84.000000 46.000000 0 9.000000 3.000000 0 13.000000 6.000000 0 12.000000 0.000000 0 4.000000 2.000000 0 4.000000 0.000000 0 11.000000 0.000000 0 291.000000 531.000000
00692 10 0 296.000000 566.000000 0 9.000000 9.000000 0 9.000000 3.000000 0 293.000000 531.000000 0 289.000000 531.000000 0 290.000000 527.000000 0 288.000000 530.000000 0 288.000000 532.000000 0 291.000000 531.000000 0 292.000000 531.000000
00693 10 0 296.000000 566.000000 0 9.000000 9.000000 0 84.000000 46.000000 0 10.000000 1.000000 0 11.000000 1.000000 0 12.000000 0.000000 0 0.000000 1.000000 0 4.000000 0.000000 0 11.000000 0.000000 0 292.000000 530.000000
00694 10 0 296.000000 566.000000 0 9.000000 9.000000 0 84.000000 46.000000 0 85.000000 46.000000 0 9.000000 3.000000 0 10.000000 6.000000 0 11.000000 6.000000 0 84.000000 42.000000 0 291.000000 533.000000 0 290.000000 533.000000
00695 10 0 296.000000 566.000000 0 9.000000 9.000000 0 9.000000 3.000000 0 12.000000 8.000000 0 84.000000 46.000000 0 11.000000 6.000000 0 290.000000 533.000000 0 288.000000 531.000000 0 289.000000 531.000000 0 290.000000 531.000000
00696 10 0 9.000000 9.000000 0 296.000000 566.000000 0 289.000000 531.000000 0 12.000000 8.000000 0 9.000000 3.000000 0 293.000000 531.000000 0 84.000000 41.000000 0 289.000000 526.000000 0 84.000000 43.000000 0 290.000000 526.000000
00697 10 0 296.000000 566.000000 0 9.000000 9.000000 0 289.000000 531.000000 0 293.000000 531.000000 0 288.000000 531.000000 0 291.000000 530.000000 0 289.000000 530.000000 0 291.000000 531.000000 0 291.000000 529.000000 0 289.000000 529.000000
00698 10 0 9.000000 9.000000 0 296.000000 566.000000 0 289.000000 531.000000 0 289.000000 530.000000 0 84.000000 42.000000 0 5.000000 3.000000 0 11.000000 0.000000 0 0.000000 1.000000 0 11.000000 6.000000 0 10.000000 6.000000
00699 10 0 296.000000 566.000000 0 9.000000 9.000000 0 8.000000 4.000000 0 0.000000 1.000000 0 292.000000 534.000000 0 289.000000 533.000000 0 290.000000 533.000000 0 291.000000 533.000000 0 288.000000 533.000000 0 288.000000 534.000000
00700 10 0 9.000000 9.000000 0 296.000000 566.000000 0 291.000000 530.000000 0 291.000000 529.000000 0 289.000000 530.000000 0 289.000000 531.000000 0 9.000000 3.000000 0 10.000000 6.000000 0 11.000000 6.000000 0 0.000000 1.000000
00701 10 0 296.000000 566.000000 0 9.000000 9.000000 0 9.000000 3.000000 0 290.000000 529.000000 0 11.000000 0.000000 0 288.000000 529.000000 0 289.000000 531.000000 0 289.000000 528.000000 0 289.000000 529.000000 0 293.000000 528.000000
00702 10 0 296.000000 566.000000 0 9.000000 9.000000 0 9.000000 3.000000 0 84.000000 46.000000 0 12.000000 0.000000 0 0.000000 1.000000 0 4.000000 4.000000 0 4.000000 3.000000 0 291.000000 529.000000 0 290.000000 528.000000
00703 10 0 9.000000 9.000000 0 296.000000 566.000000 0 84.000000 43.000000 0 84.000000 46.000000 0 9.000000 3.000000 0 11.000000 0.000000 0 291.000000 530.000000 0 291.000000 529.000000 0 292.000000 529.000000 0 289.000000 530.000000
00704 10 0 296.000000 566.000000 0 9.000000 9.000000 0 9.000000 3.000000 0 290.000000 528.000000 0 4.000000 9.000000 0 12.000000 0.000000 0 293.000000 529.000000 0 291.000000 531.000000 0 4.000000 2.000000 0 11.000000 0.000000
00705 10 0 9.000000 9.000000 0 296.000000 566.000000 0 9.000000 3.000000 0 288.000000 531.000000 0 289.000000 530.000000 0 288.000000 529.000000 0 291.000000 529.000000 0 291.000000 530.000000 0 290.000000 530.000000 0 289.000000 531.000000
00706 10 0 296.000000 566.000000 0 9.000000 9.000000 0 9.000000 3.000000 0 11.000000 0.000000 0 288.000000 533.000000 0 289.000000 533.000000 0 290.000000 533.000000 0 5.000000 3.000000 0 12.000000 0.000000 0 293.000000 532.000000
00707 10 0 9.000000 9.000000 0 296.000000 566.000000 0 288.000000 531.000000 0 289.000000 531.000000 0 13.000000 5.000000 0 289.000000 534.000000 0 290.000000 534.000000 0 9.000000 4.000000 0 11.000000 0.000000 0 85.000000 41.000000
00708 10 0 9.000000 9.000000 0 296.000000 566.000000 0 9.000000 3.000000 0 293.000000 528.000000 0 10.000000 6.000000 0 11.000000 0.000000 0 8.000000 6.000000 0 291.000000 526.000000 0 290.000000 530.000000 0 4.000000 9.000000
00709 10 0 9.000000 9.000000 0 296.000000 566.000000 0 289.000000 531.000000 0 289.000000 529.000000 0 7.000000 5.000000 0 10.000000 5.000000 0 9.000000 2.000000 0 9.000000 6.000000 0 10.000000 6.000000 0 11.000000 6.000000
00710 10 0 296.000000 566.000000 0 9.000000 9.000000 0 11.000000 1.000000 0 10.000000 6.000000 0 11.000000 6.000000 0 4.000000 3.000000 0 11.000000 0.000000 0 12.000000 0.000000 0 9.000000 6.000000 0 11.000000 3.000000
00711 10 0 296.000000 566.000000 0 9.000000 9.000000 0 288.000000 529.000000 0 292.000000 531.000000 0 10.000000 6.000000 0 8.000000 6.000000 0 9.000000 4.000000 0 11.000000 4.000000 0 12.000000 6.000000 0 11.000000 1.000000
00712 10 0 9.000000 9.000000 0 296.000000 566.000000 0 288.000000 529.000000 0 4.000000 3.000000 0 84.000000 43.000000 0 292.000000 531.000000 0 5.000000 3.000000 0 10.000000 6.000000 0 292.000000 532.000000 0 291.000000 532.000000
00713 10 0 296.000000 566.000000 0 9.000000 9.000000 0 84.000000 44.000000 0 289.000000 534.000000 0 292.000000 533.000000 0 290.000000 530.000000 0 84.000000 43.000000 0 292.000000 532.000000 0 293.000000 530.000000 0 290.000000 528.000000
00714 10 0 296.000000 566.000000 0 9.000000 9.000000 0 9.000000 4.000000 0 11.000000 4.000000 0 9.000000 3.000000 0 0.000000 1.000000 0 4.000000 3.000000 0 11.000000 3.000000 0 292.000000 534.000000 0 84.000000 52.000000
00715 10 0 9.000000 9.000000 0 296.000000 566.000000 0 292.000000 534.000000 0 0.000000 1.000000 0 9.000000 3.000000 0 4.000000 3.000000 0 292.000000 532.000000 0 11.000000 3.000000 0 292.000000 533.000000 0 291.000000 532.000000
00716 10 0 296.000000 566.000000 0 9.000000 9.000000 0 12.000000 4.000000 0 11.000000 3.000000 0 291.000000 529.000000 0 290.000000 529.000000 0 289.000000 528.000000 0 290.000000 531.000000 0 10.000000 5.000000 0 13.000000 5.000000
00717 10 0 9.000000 9.000000 0 296.000000 566.000000 0 291.000000 530.000000 0 0.000000 1.000000 0 289.000000 527.000000 0 291.000000 526.000000 0 289.000000 526.000000 0 12.000000 6.000000 0 11.000000 6.000000 0 288.000000 530.000000
00718 10 0 296.000000 566.000000 0 9.000000 9.000000 0 291.000000 530.000000 0 11.000000 0.000000 0 288.000000 533.000000 0 12.000000 0.000000 0 289.000000 533.000000 0 288.000000 530.000000 0 288.000000 529.000000 0 292.000000 534.000000
00719 10 0 9.000000 9.000000 0 296.000000 566.000000 0 0.000000 1.000000 0 11.000000 0.000000 0 84.000000 43.000000 0 288.000000 528.000000 0 293.000000 531.000000 0 291.000000 533.000000 0 11.000000 6.000000 0 290.000000 532.000000
00720 10 0 296.000000 566.000000 0 9.000000 9.000000 0 291.000000 530.000000 0 11.000000 0.000000 0 288.000000 528.000000 0 290.000000 533.000000 0 288.000000 531.000000 0 4.000000 9.000000 0 288.000000 529.000000 0 288.000000 533.000000
00721 10 0 11.000000 9.000000 0 296.000000 566.000000 0 9.000000 9.000000 0 291.000000 529.000000 0 292.000000 527.000000 0 292.000000 530.000000 0 290.000000 528.000000 0 291.000000 528.000000 0 288.000000 529.000000 0 293.000000 528.000000
00722 10 0 9.000000 9.000000 0 296.000000 566.000000 0 288.000000 533.000000 0 290.000000 531.000000 0 289.000000 533.000000 0 289.000000 527.000000 0 12.000000 8.000000 0 290.000000 533.000000 0 13.000000 8.000000 0 291.000000 533.000000
00723 10 0 9.000000 9.000000 0 296.000000 566.000000 0 12.000000 6.000000 0 84.000000 43.000000 0 9.000000 6.000000 0 10.000000 6.000000 0 85.000000 43.000000 0 288.000000 530.000000 0 293.000000 531.000000 0 290.000000 530.000000
00724 10 0 9.000000 9.000000 0 296.000000 566.000000 0 293.000000 531.000000 0 291.000000 531.000000 0 4.000000 3.000000 0 9.000000 3.000000 0 11.000000 3.000000 0 9.000000 4.000000 0 291.000000 528.000000 0 288.000000 531.000000
00725 10 0 296.000000 566.000000 0 9.000000 9.000000 0 293.000000 531.000000 0 291.000000 534.000000 0 290.000000 530.000000 0 289.000000 532.000000 0 84.000000 46.000000 0 292.000000 534.000000 0 84.000000 43.000000 0 84.000000 41.000000
00726 10 0 9.000000 9.000000 0 296.000000 566.000000 0 9.000000 3.000000 0 4.000000 3.000000 0 85.000000 43.000000 0 291.000000 529.000000 0 288.000000 530.000000 0 289.000000 530.000000 0 5.000000 3.000000 0 290.000000 530.000000
00727 10 0 9.000000 9.000000 0 296.000000 566.000000 0 9.000000 2.000000 0 293.000000 533.000000 0 12.000000 6.000000 0 291.000000 533.000000 0 289.000000 533.000000 0 290.000000 533.000000 0 293.000000 532.000000 0 293.000000 531.000000
00728 10 0 296.000000 566.000000 0 9.000000 9.000000 0 85.000000 42.000000 0 85.000000 40.000000 0 84.000000 41.000000 0 84.000000 40.000000 0 83.000000 42.000000 0 290.000000 530.000000 0 288.000000 531.000000 0 291.000000 533.000000
00729 10 0 9.000000 9.000000 0 296.000000 566.000000 0 291.000000 530.000000 0 9.000000 4.000000 0 4.000000 4.000000 0 84.000000 43.000000 0 84.000000 41.000000 0 289.000000 531.000000 0 290.000000 531.000000 0 10.000000 6.000000
00730 10 0 9.000000 9.000000 0 296.000000 566.000000 0 291.000000 530.000000 0 290.000000 528.000000 0 5.000000 3.000000 0 290.000000 529.000000 0 289.000000 529.000000 0 289.000000 528.000000 0 84.000000 43.000000 0 12.000000 6.000000
00731 10 0 296.000000 566.000000 0 9.000000 9.000000 0 84.000000 40.000000 0 291.000000 532.000000 0 84.000000 41.000000 0 83.000000 42.000000 0 293.000000 529.000000 0 292.000000 529.000000 0 292.000000 531.000000 0 291.000000 529.000000
00732 10 0 9.000000 9.000000 0 296.000000 566.000000 0 84.000000 43.000000 0 291.000000 529.000000 0 83.000000 42.000000 0 84.000000 40.000000 0 289.000000 529.000000 0 84.000000 41.000000 0 290.000000 529.000000 0 288.000000 529.000000
00733 10 0 11.000000 9.000000 0 9.000000 9.000000 0 296.000000 566.000000 0 290.000000 530.000000 0 291.000000 530.000000 0 9.000000 6.000000 0 0.000000 1.000000 0 4.000000 4.000000 0 7.000000 4.000000 0 290.000000 528.000000
00734 10 0 296.000000 566.000000 0 9.000000 9.000000 0 85.000000 46.000000 0 85.000000 40.000000 0 84.000000 40.000000 0 10.000000 5.000000 0 7.000000 5.000000 0 292.000000 531.000000 0 9.000000 6.000000 0 11.000000 3.000000
00735 10 0 9.000000 9.000000 0 296.000000 566.000000 0 85.000000 46.000000 0 85.000000 40.000000 0 84.000000 41.000000 0 291.000000 530.000000 0 290.000000 530.000000 0 289.000000 530.000000 0 293.000000 529.000000 0 289.000000 529.000000
00736 10 0 296.000000 566.000000 0 9.000000 9.000000 0 11.000000 9.000000 0 84.000000 46.000000 0 85.000000 46.000000 0 84.000000 41.000000 0 293.000000 528.000000 0 289.000000 530.000000 0 293.000000 530.000000 0 291.000000 528.000000
00737 10 0 9.000000 9.000000 0 11.000000 9.000000 0 296.000000 566.000000 0 85.000000 46.000000 0 13.000000 5.000000 0 10.000000 5.000000 0 292.000000 531.000000 0 291.000000 531.000000 0 7.000000 5.000000 0 290.000000 532.000000
00738 10 0 9.000000 9.000000 0 296.000000 566.000000 0 84.000000 46.000000 0 85.000000 46.000000 0 84.000000 47.000000 0 290.000000 532.000000 0 291.000000 532.000000 0 289.000000 529.000000 0 291.000000 530.000000 0 4.000000 2.000000
00739 10 0 9.000000 9.000000 0 296.000000 566.000000 0 85.000000 46.000000 0 290.000000 531.000000 0 291.000000 531.000000 0 292.000000 531.000000 0 292.000000 528.000000 0 289.000000 529.000000 0 290.000000 529.000000 0 291.000000 529.000000
00740 10 0 296.000000 566.000000 0 9.000000 9.000000 0 85.000000 46.000000 0 293.000000 531.000000 0 84.000000 46.000000 0 84.000000 43.000000 0 85.000000 45.000000 0 289.000000 529.000000 0 11.000000 1.000000 0 8.000000 4.000000
00741 10 0 296.000000 566.000000 0 9.000000 9.000000 0 85.000000 46.000000 0 4.000000 3.000000 0 10.000000 5.000000 0 12.000000 6.000000 0 11.000000 0.000000 0 0.000000 1.000000 0 11.000000 6.000000 0 289.000000 533.000000
00742 10 0 296.000000 566.000000 0 9.000000 9.000000 0 13.000000 5.000000 0 11.000000 4.000000 0 9.000000 4.000000 0 9.000000 3.000000 0 10.000000 5.000000 0 8.000000 5.000000 0 11.000000 3.000000 0 0.000000 1.000000
00743 10 0 9.000000 9.000000 0 296.000000 566.000000 0 84.000000 43.000000 0 85.000000 45.000000 0 13.000000 8.000000 0 85.000000 46.000000 0 84.000000 46.000000 0 84.000000 41.000000 0 8.000000 4.000000 0 9.000000 2.000000
00744 10 0 296.000000 566.000000 0 9.000000 9.000000 0 85.000000 45.000000 0 85.000000 46.000000 0 9.000000 3.000000 0 13.000000 8.000000 0 292.000000 530.000000 0 293.000000 530.000000 0 292.000000 527.000000 0 292.000000 528.000000
00745 10 0 296.000000 566.000000 0 9.000000 9.000000 0 13.000000 8.000000 0 85.000000 45.000000 0 85.000000 46.000000 0 0.000000 5.000000 0 13.000000 5.000000 0 291.000000 531.000000 0 293.000000 533.000000 0 292.000000 532.000000
00746 10 0 296.000000 566.000000 0 9.000000 9.000000 0 13.000000 8.000000 0 11.000000 6.000000 0 84.000000 46.000000 0 85.000000 46.000000 0 84.000000 43.000000 0 292.000000 529.000000 0 293.000000 529.000000 0 0.000000 5.000000
00747 10 0 296.000000 566.000000 0 9.000000 9.000000 0 84.000000 46.000000 0 84.000000 41.000000 0 84.000000 43.000000 0 291.000000 533.000000 0 292.000000 530.000000 0 6.000000 6.000000 0 292.000000 533.000000 0 0.000000 1.000000
00748 10 0 296.000000 566.000000 0 9.000000 9.000000 0 11.000000 9.000000 0 11.000000 6.000000 0 5.000000 4.000000 0 7.000000 4.000000 0 8.000000 4.000000 0 293.000000 533.000000 0 85.000000 45.000000 0 84.000000 46.000000
00749 10 0 9.000000 9.000000 0 296.000000 566.000000 0 11.000000 6.000000 0 292.000000 529.000000 0 291.000000 529.000000 0 291.000000 530.000000 0 5.000000 3.000000 0 292.000000 533.000000 0 4.000000 3.000000 0 293.000000 532.000000
00750 10 0 9.000000 9.000000 0 296.000000 566.000000 0 85.000000 46.000000 0 84.000000 43.000000 0 85.000000 45.000000 0 84.000000 46.000000 0 11.000000 6.000000 0 292.000000 529.000000 0 9.000000 2.000000 0 4.000000 3.000000
00751 10 0 296.000000 566.000000 0 11.000000 9.000000 0 9.000000 9.000000 0 85.000000 46.000000 0 84.000000 46.000000 0 290.000000 533.000000 0 8.000000 5.000000 0 7.000000 5.000000 0 0.000000 5.000000 0 293.000000 531.000000
00752 10 0 296.000000 566.000000 0 9.000000 9.000000 0 84.000000 46.000000 0 84.000000 47.000000 0 84.000000 43.000000 0 9.000000 3.000000 0 85.000000 46.000000 0 84.000000 45.000000 0 292.000000 532.000000 0 291.000000 532.000000
00753 10 0 296.000000 566.000000 0 9.000000 9.000000 0 9.000000 3.000000 0 0.000000 1.000000 0 12.000000 0.000000 0 4.000000 4.000000 0 10.000000 0.000000 0 4.000000 0.000000 0 12.000000 5.000000 0 13.000000 5.000000
00754 10 0 9.000000 9.000000 0 296.000000 566.000000 0 85.000000 46.000000 0 8.000000 3.000000 0 8.000000 1.000000 0 0.000000 1.000000 0 10.000000 1.000000 0 10.000000 0.000000 0 9.000000 1.000000 0 9.000000 2.000000
00755 10 0 9.000000 9.000000 0 11.000000 9.000000 0 296.000000 566.000000 0 11.000000 6.000000 0 84.000000 47.000000 0 84.000000 46.000000 0 85.000000 46.000000 0 293.000000 530.000000 0 292.000000 528.000000 0 7.000000 5.000000
00756 10 0 9.000000 9.000000 0 13.000000 8.000000 0 296.000000 566.000000 0 9.000000 3.000000 0 11.000000 6.000000 0 13.000000 7.000000 0 11.000000 0.000000 0 85.000000 46.000000 0 83.000000 42.000000 0 293.000000 530.000000
00757 10 0 9.000000 9.000000 0 85.000000 46.000000 0 84.000000 46.000000 0 13.000000 8.000000 0 84.000000 47.000000 0 13.000000 7.000000 0 296.000000 566.000000 0 10.000000 5.000000 0 9.000000 3.000000 0 11.000000 6.000000
00758 10 0 9.000000 9.000000 0 13.000000 8.000000 0 296.000000 566.000000 0 84.000000 43.000000 0 85.000000 46.000000 0 84.000000 46.000000 0 9.000000 3.000000 0 85.000000 45.000000 0 84.000000 45.000000 0 13.000000 7.000000
00759 10 0 9.000000 9.000000 0 85.000000 45.000000 0 85.000000 46.000000 0 84.000000 46.000000 0 84.000000 43.000000 0 13.000000 8.000000 0 9.000000 3.000000 0 292.000000 532.000000 0 84.000000 50.000000 0 0.000000 1.000000
00760 10 0 9.000000 9.000000 0 13.000000 8.000000 0 9.000000 3.000000 0 85.000000 46.000000 0 84.000000 46.000000 0 84.000000 43.000000 0 10.000000 0.000000 0 5.000000 8.000000 0 9.000000 6.000000 0 4.000000 11.000000
00761 10 0 11.000000 9.000000 0 9.000000 9.000000 0 85.000000 46.000000 0 11.000000 6.000000 0 9.000000 3.000000 0 11.000000 0.000000 0 12.000000 0.000000 0 13.000000 0.000000 0 292.000000 531.000000 0 83.000000 42.000000
00762 10 0 9.000000 9.000000 0 11.000000 9.000000 0 11.000000 6.000000 0 85.000000 46.000000 0 9.000000 3.000000 0 4.000000 4.000000 0 296.000000 566.000000 0 293.000000 531.000000 0 4.000000 9.000000 0 11.000000 0.000000
00763 10 0 9.000000 9.000000 0 12.000000 6.000000 0 85.000000 46.000000 0 9.000000 3.000000 0 11.000000 6.000000 0 11.000000 0.000000 0 3.000000 1.000000 0 12.000000 1.000000 0 5.000000 3.000000 0 1.000000 2.000000
00764 10 0 9.000000 9.000000 0 9.000000 3.000000 0 13.000000 8.000000 0 85.000000 46.000000 0 11.000000 6.000000 0 12.000000 6.000000 0 3.000000 1.000000 0 4.000000 2.000000 0 5.000000 3.000000 0 4.000000 3.000000
00765 10 0 11.000000 9.000000 0 9.000000 9.000000 0 11.000000 6.000000 0 9.000000 3.000000 0 85.000000 46.000000 0 0.000000 3.000000 0 5.000000 3.000000 0 4.000000 3.000000 0 293.000000 531.000000 0 4.000000 2.000000
00766 10 0 11.000000 9.000000 0 9.000000 9.000000 0 11.000000 6.000000 0 9.000000 3.000000 0 0.000000 2.000000 0 4.000000 11.000000 0 11.000000 14.000000 0 0.000000 3.000000 0 4.000000 3.000000 0 84.000000 43.000000
00767 10 0 11.000000 9.000000 0 9.000000 9.000000 0 84.000000 43.000000 0 85.000000 46.000000 0 11.000000 6.000000 0 84.000000 46.000000 0 10.000000 5.000000 0 12.000000 6.000000 0 13.000000 0.000000 0 11.000000 0.000000
00768 10 0 11.000000 9.000000 0 9.000000 9.000000 0 84.000000 46.000000 0 85.000000 46.000000 0 11.000000 6.000000 0 10.000000 5.000000 0 9.000000 3.000000 0 84.000000 43.000000 0 84.000000 52.000000 0 0.000000 5.000000
00769 10 0 11.000000 9.000000 0 9.000000 9.000000 0 9.000000 3.000000 0 13.000000 5.000000 0 11.000000 6.000000 0 12.000000 6.000000 0 85.000000 46.000000 0 0.000000 5.000000 0 13.000000 1.000000 0 5.000000 3.000000
00770 10 0 9.000000 9.000000 0 85.000000 46.000000 0 11.000000 9.000000 0 11.000000 6.000000 0 12.000000 6.000000 0 9.000000 3.000000 0 5.000000 8.000000 0 11.000000 0.000000 0 84.000000 43.000000 0 85.000000 43.000000
00771 10 0 9.000000 9.000000 0 11.000000 9.000000 0 85.000000 46.000000 0 12.000000 6.000000 0 11.000000 6.000000 0 9.000000 3.000000 0 3.000000 1.000000 0 1.000000 1.000000 0 0.000000 1.000000 0 12.000000 1.000000
00772 10 0 9.000000 9.000000 0 11.000000 9.000000 0 9.000000 3.000000 0 11.000000 6.000000 0 85.000000 46.000000 0 3.000000 4.000000 0 0.000000 1.000000 0 5.000000 3.000000 0 0.000000 5.000000 0 12.000000 0.000000
00773 10 0 11.000000 9.000000 0 9.000000 9.000000 0 11.000000 6.000000 0 84.000000 52.000000 0 84.000000 46.000000 0 85.000000 46.000000 0 11.000000 4.000000 0 9.000000 3.000000 0 10.000000 5.000000 0 12.000000 6.000000
00774 10 0 9.000000 9.000000 0 11.000000 9.000000 0 11.000000 6.000000 0 85.000000 46.000000 0 9.000000 3.000000 0 12.000000 6.000000 0 11.000000 4.000000 0 4.000000 3.000000 0 84.000000 46.000000 0 4.000000 9.000000
00775 10 0 11.000000 9.000000 0 9.000000 9.000000 0 13.000000 5.000000 0 11.000000 4.000000 0 9.000000 3.000000 0 11.000000 6.000000 0 12.000000 6.000000 0 85.000000 46.000000 0 85.000000 48.000000 0 84.000000 50.000000
00776 10 0 11.000000 9.000000 0 9.000000 9.000000 0 4.000000 9.000000 0 84.000000 46.000000 0 85.000000 46.000000 0 11.000000 6.000000 0 9.000000 3.000000 0 12.000000 6.000000 0 13.000000 5.000000 0 84.000000 11.000000
00777 10 0 11.000000 9.000000 0 9.000000 9.000000 0 10.000000 5.000000 0 9.000000 3.000000 0 11.000000 6.000000 0 11.000000 4.000000 0 9.000000 4.000000 0 4.000000 3.000000 0 3.000000 4.000000 0 4.000000 7.000000
00778 10 0 9.000000 9.000000 0 11.000000 9.000000 0 11.000000 6.000000 0 12.000000 6.000000 0 10.000000 5.000000 0 9.000000 3.000000 0 9.000000 4.000000 0 11.000000 4.000000 0 13.000000 14.000000 0 2.000000 6.000000
00779 10 0 11.000000 9.000000 0 9.000000 9.000000 0 4.000000 9.000000 0 11.000000 6.000000 0 9.000000 3.000000 0 11.000000 4.000000 0 13.000000 1.000000 0 11.000000 0.000000 0 5.000000 3.000000 0 3.000000 0.000000
00780 10 0 11.000000 9.000000 0 9.000000 9.000000 0 85.000000 46.000000 0 11.000000 6.000000 0 13.000000 5.000000 0 11.000000 4.000000 0 9.000000 3.000000 0 4.000000 3.000000 0 8.000000 6.000000 0 5.000000 5.000000
00781 10 0 9.000000 9.000000 0 11.000000 9.000000 0 84.000000 11.000000 0 11.000000 6.000000 0 9.000000 3.000000 0 11.000000 4.000000 0 84.000000 53.000000 0 13.000000 1.000000 0 5.000000 5.000000 0 3.000000 6.000000
00782 10 0 11.000000 9.000000 0 9.000000 9.000000 0 11.000000 6.000000 0 13.000000 5.000000 0 11.000000 4.000000 0 9.000000 3.000000 0 10.000000 0.000000 0 5.000000 1.000000 0 12.000000 1.000000 0 0.000000 1.000000
00783 10 0 11.000000 9.000000 0 9.000000 9.000000 0 11.000000 3.000000 0 9.000000 3.000000 0 11.000000 6.000000 0 13.000000 5.000000 0 84.000000 52.000000 0 84.000000 11.000000 0 11.000000 4.000000 0 3.000000 1.000000
00784 10 0 11.000000 9.000000 0 9.000000 9.000000 0 11.000000 4.000000 0 9.000000 3.000000 0 11.000000 3.000000 0 11.000000 6.000000 0 13.000000 5.000000 0 4.000000 2.000000 0 11.000000 0.000000 0 5.000000 3.000000
00785 10 0 11.000000 9.000000 0 9.000000 9.000000 0 9.000000 3.000000 0 11.000000 4.000000 0 11.000000 6.000000 0 4.000000 2.000000 0 3.000000 4.000000 0 4.000000 4.000000 0 5.000000 3.000000 0 4.000000 3.000000
00786 10 0 9.000000 9.000000 0 11.000000 9.000000 0 11.000000 6.000000 0 12.000000 6.000000 0 9.000000 3.000000 0 11.000000 4.000000 0 3.000000 4.000000 0 4.000000 3.000000 0 84.000000 52.000000 0 5.000000 3.000000
00787 10 0 9.000000 9.000000 0 11.000000 9.000000 0 11.000000 6.000000 0 4.000000 9.000000 0 5.000000 1.000000 0 16.000000 0.000000 0 13.000000 0.000000 0 4.000000 0.000000 0 0.000000 1.000000 0 3.000000 1.000000
00788 10 0 9.000000 9.000000 0 11.000000 9.000000 0 11.000000 6.000000 0 12.000000 12.000000 0 84.000000 11.000000 0 12.000000 0.000000 0 13.000000 0.000000 0 16.000000 0.000000 0 19.000000 0.000000 0 4.000000 0.000000
00789 10 0 11.000000 9.000000 0 9.000000 9.000000 0 12.000000 6.000000 0 11.000000 6.000000 0 84.000000 52.000000 0 84.000000 46.000000 0 12.000000 12.000000 0 84.000000 11.000000 0 85.000000 46.000000 0 9.000000 3.000000
00790 10 0 9.000000 9.000000 0 11.000000 9.000000 0 11.000000 6.000000 0 12.000000 6.000000 0 11.000000 12.000000 0 12.000000 12.000000 0 9.000000 3.000000 0 13.000000 0.000000 0 10.000000 0.000000 0 11.000000 0.000000
00791 10 0 9.000000 9.000000 0 11.000000 9.000000 0 9.000000 3.000000 0 11.000000 6.000000 0 12.000000 6.000000 0 11.000000 12.000000 0 12.000000 12.000000 0 4.000000 3.000000 0 4.000000 4.000000 0 13.000000 2.000000
00792 10 0 11.000000 9.000000 0 9.000000 9.000000 0 9.000000 3.000000 0 11.000000 6.000000 0 11.000000 0.000000 0 12.000000 12.000000 0 11.000000 12.000000 0 12.000000 6.000000 0 11.000000 4.000000 0 3.000000 7.000000
00793 10 0 9.000000 9.000000 0 11.000000 9.000000 0 12.000000 12.000000 0 11.000000 6.000000 0 12.000000 6.000000 0 11.000000 12.000000 0 9.000000 3.000000 0 11.000000 0.000000 0 84.000000 53.000000 0 0.000000 5.000000
00794 10 0 9.000000 9.000000 0 11.000000 9.000000 0 12.000000 12.000000 0 12.000000 6.000000 0 11.000000 6.000000 0 11.000000 12.000000 0 9.000000 3.000000 0 11.000000 4.000000 0 2.000000 6.000000 0 4.000000 2.000000
00795 10 0 9.000000 9.000000 0 11.000000 9.000000 0 9.000000 3.000000 0 11.000000 3.000000 0 11.000000 12.000000 0 11.000000 6.000000 0 12.000000 6.000000 0 12.000000 12.000000 0 13.000000 5.000000 0 11.000000 4.000000
00796 10 0 9.000000 9.000000 0 11.000000 9.000000 0 11.000000 6.000000 0 11.000000 3.000000 0 9.000000 3.000000 0 12.000000 12.000000 0 11.000000 12.000000 0 11.000000 4.000000 0 14.000000 1.000000 0 16.000000 1.000000
00797 10 0 11.000000 9.000000 0 9.000000 9.000000 0 12.000000 0.000000 0 11.000000 3.000000 0 9.000000 3.000000 0 11.000000 6.000000 0 11.000000 4.000000 0 12.000000 12.000000 0 11.000000 12.000000 0 11.000000 1.000000
00798 10 0 11.000000 9.000000 0 9.000000 9.000000 0 11.000000 3.000000 0 9.000000 3.000000 0 12.000000 12.000000 0 11.000000 6.000000 0 11.000000 12.000000 0 5.000000 3.000000 0 3.000000 7.000000 0 16.000000 2.000000
00799 10 0 11.000000 9.000000 0 9.000000 9.000000 0 11.000000 12.000000 0 9.000000 3.000000 0 4.000000 3.000000 0 12.000000 12.000000 0 11.000000 1.000000 0 11.000000 6.000000 0 5.000000 8.000000 0 15.000000 0.000000
00800 10 0 9.000000 9.000000 0 11.000000 9.000000 0 12.000000 0.000000 0 4.000000 3.000000 0 11.000000 6.000000 0 11.000000 1.000000 0 12.000000 6.000000 0 4.000000 9.000000 0 11.000000 12.000000 0 12.000000 12.000000
00801 10 0 11.000000 9.000000 0 9.000000 9.000000 0 9.000000 3.000000 0 11.000000 6.000000 0 11.000000 1.000000 0 13.000000 5.000000 0 11.000000 12.000000 0 12.000000 12.000000 0 14.000000 11.000000 0 12.000000 6.000000
00802 10 0 9.000000 9.000000 0 11.000000 9.000000 0 11.000000 6.000000 0 12.000000 6.000000 0 11.000000 1.000000 0 9.000000 3.000000 0 14.000000 11.000000 0 12.000000 12.000000 0 11.000000 12.000000 0 21.000000 0.000000
00803 10 0 9.000000 9.000000 0 11.000000 9.000000 0 11.000000 1.000000 0 12.000000 6.000000 0 11.000000 6.000000 0 12.000000 12.000000 0 9.000000 3.000000 0 14.000000 11.000000 0 4.000000 3.000000 0 11.000000 12.000000
00804 10 0 9.000000 9.000000 0 11.000000 9.000000 0 11.000000 6.000000 0 4.000000 3.000000 0 11.000000 1.000000 0 12.000000 6.000000 0 14.000000 11.000000 0 4.000000 9.000000 0 10.000000 5.000000 0 12.000000 12.000000
00805 10 0 9.000000 9.000000 0 11.000000 9.000000 0 11.000000 4.000000 0 11.000000 3.000000 0 11.000000 1.000000 0 14.000000 11.000000 0 12.000000 12.000000 0 4.000000 9.000000 0 11.000000 6.000000 0 9.000000 3.000000
00806 10 0 11.000000 9.000000 0 9.000000 9.000000 0 14.000000 11.000000 0 11.000000 1.000000 0 9.000000 3.000000 0 11.000000 4.000000 0 11.000000 6.000000 0 16.000000 10.000000 0 4.000000 9.000000 0 13.000000 5.000000
00807 10 0 11.000000 9.000000 0 9.000000 9.000000 0 11.000000 1.000000 0 16.000000 10.000000 0 12.000000 12.000000 0 9.000000 3.000000 0 4.000000 9.000000 0 16.000000 0.000000 0 15.000000 0.000000 0 18.000000 0.000000
00808 10 0 9.000000 9.000000 0 13.000000 10.000000 0 4.000000 3.000000 0 4.000000 11.000000 0 13.000000 9.000000 0 13.000000 11.000000 0 12.000000 10.000000 0 11.000000 6.000000 0 4.000000 9.000000 0 12.000000 9.000000
00809 10 0 9.000000 9.000000 0 11.000000 9.000000 0 9.000000 3.000000 0 4.000000 9.000000 0 11.000000 4.000000 0 14.000000 11.000000 0 4.000000 11.000000 0 13.000000 5.000000 0 11.000000 6.000000 0 12.000000 12.000000
00810 10 0 11.000000 9.000000 0 9.000000 9.000000 0 5.000000 8.000000 0 9.000000 3.000000 0 4.000000 9.000000 0 12.000000 12.000000 0 11.000000 6.000000 0 13.000000 5.000000 0 14.000000 11.000000 0 19.000000 0.000000
00811 10 0 9.000000 9.000000 0 11.000000 9.000000 0 5.000000 8.000000 0 4.000000 9.000000 0 11.000000 6.000000 0 11.000000 12.000000 0 4.000000 11.000000 0 12.000000 12.000000 0 14.000000 11.000000 0 13.000000 5.000000
00812 10 0 9.000000 9.000000 0 11.000000 9.000000 0 4.000000 9.000000 0 11.000000 12.000000 0 13.000000 5.000000 0 11.000000 6.000000 0 12.000000 12.000000 0 14.000000 11.000000 0 14.000000 2.000000 0 13.000000 2.000000
00813 10 0 9.000000 9.000000 0 12.000000 9.000000 0 13.000000 5.000000 0 13.000000 11.000000 0 14.000000 11.000000 0 13.000000 9.000000 0 13.000000 7.000000 0 12.000000 12.000000 0 4.000000 3.000000 0 12.000000 11.000000
00814 10 0 9.000000 9.000000 0 12.000000 9.000000 0 13.000000 5.000000 0 13.000000 9.000000 0 13.000000 11.000000 0 12.000000 11.000000 0 13.000000 8.000000 0 13.000000 10.000000 0 14.000000 11.000000 0 11.000000 12.000000
00815 10 0 9.000000 9.000000 0 11.000000 9.000000 0 9.000000 3.000000 0 11.000000 6.000000 0 12.000000 12.000000 0 4.000000 11.000000 0 13.000000 5.000000 0 4.000000 9.000000 0 14.000000 11.000000 0 11.000000 3.000000
00816 10 0 9.000000 9.000000 0 4.000000 3.000000 0 5.000000 3.000000 0 11.000000 4.000000 0 13.000000 10.000000 0 12.000000 10.000000 0 11.000000 6.000000 0 12.000000 8.000000 0 4.000000 9.000000 0 13.000000 8.000000
00817 10 0 9.000000 9.000000 0 4.000000 3.000000 0 11.000000 4.000000 0 5.000000 3.000000 0 12.000000 9.000000 0 11.000000 14.000000 0 11.000000 6.000000 0 13.000000 9.000000 0 12.000000 6.000000 0 9.000000 3.000000
00818 10 0 9.000000 9.000000 0 11.000000 9.000000 0 11.000000 4.000000 0 4.000000 3.000000 0 5.000000 3.000000 0 11.000000 3.000000 0 11.000000 12.000000 0 12.000000 12.000000 0 9.000000 3.000000 0 11.000000 14.000000
00819 10 0 9.000000 9.000000 0 11.000000 9.000000 0 11.000000 4.000000 0 4.000000 9.000000 0 4.000000 3.000000 0 11.000000 6.000000 0 9.000000 3.000000 0 5.000000 3.000000 0 11.000000 3.000000 0 12.000000 12.000000
00820 10 0 9.000000 9.000000 0 11.000000 9.000000 0 13.000000 5.000000 0 11.000000 4.000000 0 11.000000 3.000000 0 4.000000 3.000000 0 11.000000 6.000000 0 9.000000 3.000000 0 5.000000 3.000000 0 11.000000 12.000000
00821 10 0 11.000000 9.000000 0 9.000000 9.000000 0 9.000000 2.000000 0 9.000000 3.000000 0 11.000000 3.000000 0 13.000000 5.000000 0 11.000000 6.000000 0 11.000000 1.000000 0 12.000000 12.000000 0 11.000000 12.000000
00822 10 0 9.000000 9.000000 0 11.000000 9.000000 0 11.000000 1.000000 0 13.000000 5.000000 0 14.000000 11.000000 0 12.000000 6.000000 0 11.000000 6.000000 0 11.000000 3.000000 0 5.000000 3.000000 0 11.000000 4.000000
00823 10 0 9.000000 9.000000 0 11.000000 9.000000 0 4.000000 3.000000 0 11.000000 4.000000 0 10.000000 1.000000 0 11.000000 3.000000 0 12.000000 6.000000 0 11.000000 6.000000 0 9.000000 3.000000 0 5.000000 3.000000
00824 10 0 11.000000 9.000000 0 9.000000 9.000000 0 9.000000 2.000000 0 13.000000 5.000000 0 11.000000 0.000000 0 4.000000 3.000000 0 9.000000 3.000000 0 11.000000 4.000000 0 5.000000 8.000000 0 11.000000 3.000000
00825 10 0 11.000000 9.000000 0 9.000000 9.000000 0 9.000000 4.000000 0 12.000000 1.000000 0 11.000000 4.000000 0 11.000000 0.000000 0 11.000000 3.000000 0 9.000000 3.000000 0 11.000000 6.000000 0 13.000000 5.000000
00826 10 0 11.000000 9.000000 0 9.000000 9.000000 0 11.000000 4.000000 0 11.000000 12.000000 0 11.000000 6.000000 0 12.000000 12.000000 0 13.000000 5.000000 0 4.000000 3.000000 0 5.000000 3.000000 0 9.000000 3.000000
00827 10 0 9.000000 9.000000 0 11.000000 9.000000 0 11.000000 1.000000 0 4.000000 11.000000 0 12.000000 6.000000 0 11.000000 3.000000 0 4.000000 3.000000 0 11.000000 6.000000 0 11.000000 4.000000 0 11.000000 12.000000
00828 10 0 9.000000 9.000000 0 11.000000 9.000000 0 11.000000 3.000000 0 9.000000 2.000000 0 4.000000 3.000000 0 12.000000 12.000000 0 4.000000 9.000000 0 12.000000 4.000000 0 12.000000 6.000000 0 4.000000 11.000000
00829 10 0 11.000000 9.000000 0 9.000000 9.000000 0 12.000000 6.000000 0 12.000000 12.000000 0 11.000000 6.000000 0 14.000000 11.000000 0 4.000000 11.000000 0 5.000000 3.000000 0 11.000000 12.000000 0 11.000000 4.000000
00830 10 0 11.000000 9.000000 0 9.000000 9.000000 0 11.000000 6.000000 0 13.000000 5.000000 0 12.000000 4.000000 0 9.000000 2.000000 0 12.000000 6.000000 0 9.000000 4.000000 0 4.000000 11.000000 0 13.000000 12.000000
00831 10 0 11.000000 9.000000 0 9.000000 9.000000 0 9.000000 4.000000 0 10.000000 1.000000 0 13.000000 5.000000 0 10.000000 5.000000 0 4.000000 9.000000 0 4.000000 3.000000 0 5.000000 3.000000 0 11.000000 3.000000
00832 10 0 9.000000 9.000000 0 11.000000 9.000000 0 9.000000 2.000000 0 5.000000 3.000000 0 11.000000 6.000000 0 12.000000 6.000000 0 13.000000 14.000000 0 11.000000 0.000000 0 8.000000 4.000000 0 14.000000 11.000000
00833 10 0 9.000000 9.000000 0 11.000000 9.000000 0 8.000000 4.000000 0 11.000000 4.000000 0 12.000000 4.000000 0 8.000000 2.000000 0 9.000000 2.000000 0 11.000000 1.000000 0 10.000000 1.000000 0 13.000000 5.000000
00834 10 0 11.000000 9.000000 0 9.000000 9.000000 0 9.000000 4.000000 0 11.000000 4.000000 0 5.000000 3.000000 0 9.000000 3.000000 0 11.000000 6.000000 0 12.000000 6.000000 0 12.000000 4.000000 0 9.000000 2.000000
00835 10 0 11.000000 9.000000 0 9.000000 9.000000 0 11.000000 1.000000 0 11.000000 0.000000 0 9.000000 3.000000 0 11.000000 4.000000 0 10.000000 1.000000 0 13.000000 5.000000 0 10.000000 5.000000 0 5.000000 3.000000
00836 10 0 9.000000 9.000000 0 11.000000 9.000000 0 11.000000 1.000000 0 13.000000 4.000000 0 14.000000 11.000000 0 13.000000 5.000000 0 5.000000 8.000000 0 11.000000 13.000000 0 10.000000 5.000000 0 11.000000 14.000000
00837 10 0 11.000000 9.000000 0 9.000000 9.000000 0 12.000000 4.000000 0 14.000000 11.000000 0 14.000000 9.000000 0 12.000000 6.000000 0 11.000000 6.000000 0 13.000000 5.000000 0 9.000000 4.000000 0 11.000000 4.000000
00838 10 0 9.000000 9.000000 0 11.000000 9.000000 0 5.000000 3.000000 0 4.000000 3.000000 0 10.000000 13.000000 0 4.000000 11.000000 0 14.000000 11.000000 0 11.000000 12.000000 0 13.000000 14.000000 0 11.000000 3.000000
00839 10 0 13.000000 8.000000 0 11.000000 9.000000 0 9.000000 9.000000 0 13.000000 5.000000 0 14.000000 11.000000 0 11.000000 1.000000 0 10.000000 1.000000 0 4.000000 9.000000 0 12.000000 13.000000 0 11.000000 13.000000
00840 10 0 11.000000 9.000000 0 9.000000 9.000000 0 13.000000 8.000000 0 11.000000 3.000000 0 5.000000 3.000000 0 4.000000 3.000000 0 11.000000 4.000000 0 12.000000 4.000000 0 13.000000 4.000000 0 9.000000 3.000000
00841 10 0 9.000000 9.000000 0 11.000000 9.000000 0 9.000000 2.000000 0 13.000000 12.000000 0 4.000000 9.000000 0 10.000000 1.000000 0 14.000000 9.000000 0 11.000000 2.000000 0 10.000000 5.000000 0 13.000000 5.000000
00842 10 0 11.000000 9.000000 0 9.000000 9.000000 0 9.000000 3.000000 0 5.000000 3.000000 0 11.000000 3.000000 0 10.000000 1.000000 0 9.000000 4.000000 0 11.000000 1.000000 0 12.000000 3.000000 0 11.000000 0.000000
00843 10 0 11.000000 9.000000 0 9.000000 9.000000 0 11.000000 0.000000 0 9.000000 3.000000 0 5.000000 3.000000 0 4.000000 3.000000 0 11.000000 3.000000 0 13.000000 4.000000 0 12.000000 4.000000 0 10.000000 4.000000
00844 10 0 9.000000 9.000000 0 11.000000 9.000000 0 10.000000 2.000000 0 10.000000 4.000000 0 11.000000 4.000000 0 8.000000 4.000000 0 9.000000 4.000000 0 9.000000 3.000000 0 5.000000 3.000000 0 11.000000 0.000000
00845 10 0 9.000000 9.000000 0 11.000000 9.000000 0 11.000000 0.000000 0 11.000000 4.000000 0 10.000000 4.000000 0 9.000000 4.000000 0 8.000000 4.000000 0 11.000000 3.000000 0 9.000000 3.000000 0 13.000000 5.000000
00846 10 0 11.000000 9.000000 0 9.000000 9.000000 0 9.000000 3.000000 0 11.000000 6.000000 0 13.000000 12.000000 0 11.000000 12.000000 0 13.000000 5.000000 0 12.000000 3.000000 0 14.000000 9.000000 0 14.000000 11.000000
00847 10 0 11.000000 9.000000 0 9.000000 9.000000 0 11.000000 14.000000 0 11.000000 0.000000 0 10.000000 1.000000 0 5.000000 3.000000 0 9.000000 3.000000 0 11.000000 3.000000 0 12.000000 3.000000 0 14.000000 11.000000
00848 10 0 9.000000 3.000000 0 11.000000 9.000000 0 9.000000 9.000000 0 12.000000 4.000000 0 16.000000 10.000000 0 11.000000 6.000000 0 4.000000 3.000000 0 11.000000 0.000000 0 4.000000 11.000000 0 12.000000 12.000000
00849 10 0 9.000000 9.000000 0 11.000000 9.000000 0 11.000000 4.000000 0 8.000000 4.000000 0 11.000000 0.000000 0 9.000000 4.000000 0 13.000000 4.000000 0 13.000000 5.000000 0 9.000000 3.000000 0 11.000000 3.000000
00850 10 0 9.000000 3.000000 0 9.000000 9.000000 0 11.000000 9.000000 0 13.000000 5.000000 0 4.000000 9.000000 0 5.000000 3.000000 0 11.000000 6.000000 0 4.000000 11.000000 0 11.000000 12.000000 0 12.000000 6.000000
00851 10 0 9.000000 9.000000 0 11.000000 9.000000 0 9.000000 3.000000 0 14.000000 11.000000 0 12.000000 6.000000 0 12.000000 12.000000 0 4.000000 9.000000 0 11.000000 6.000000 0 12.000000 4.000000 0 11.000000 12.000000
00852 10 0 9.000000 9.000000 0 11.000000 9.000000 0 9.000000 3.000000 0 4.000000 3.000000 0 12.000000 1.000000 0 11.000000 6.000000 0 13.000000 5.000000 0 14.000000 11.000000 0 12.000000 12.000000 0 4.000000 9.000000
00853 10 0 9.000000 9.000000 0 4.000000 9.000000 0 11.000000 9.000000 0 9.000000 3.000000 0 12.000000 3.000000 0 13.000000 5.000000 0 4.000000 3.000000 0 11.000000 3.000000 0 10.000000 5.000000 0 13.000000 2.000000
00854 10 0 11.000000 9.000000 0 9.000000 9.000000 0 11.000000 0.000000 0 10.000000 1.000000 0 5.000000 3.000000 0 9.000000 3.000000 0 10.000000 5.000000 0 13.000000 5.000000 0 14.000000 11.000000 0 15.000000 7.000000
00855 10 0 9.000000 9.000000 0 11.000000 9.000000 0 10.000000 1.000000 0 11.000000 1.000000 0 12.000000 1.000000 0 13.000000 1.000000 0 11.000000 0.000000 0 12.000000 0.000000 0 9.000000 3.000000 0 5.000000 3.000000
00856 10 0 11.000000 9.000000 0 9.000000 9.000000 0 9.000000 3.000000 0 11.000000 3.000000 0 9.000000 4.000000 0 10.000000 5.000000 0 12.000000 12.000000 0 12.000000 13.000000 0 4.000000 11.000000 0 13.000000 5.000000
00857 10 0 11.000000 9.000000 0 9.000000 9.000000 0 12.000000 3.000000 0 9.000000 3.000000 0 5.000000 3.000000 0 11.000000 6.000000 0 11.000000 3.000000 0 13.000000 4.000000 0 11.000000 4.000000 0 9.000000 4.000000
00858 10 0 11.000000 9.000000 0 9.000000 9.000000 0 8.000000 1.000000 0 10.000000 1.000000 0 11.000000 1.000000 0 11.000000 3.000000 0 12.000000 3.000000 0 10.000000 4.000000 0 11.000000 4.000000 0 9.000000 4.000000
00859 10 0 9.000000 9.000000 0 11.000000 9.000000 0 11.000000 0.000000 0 5.000000 3.000000 0 11.000000 4.000000 0 12.000000 0.000000 0 9.000000 3.000000 0 9.000000 4.000000 0 13.000000 4.000000 0 12.000000 4.000000
00860 10 0 11.000000 9.000000 0 9.000000 9.000000 0 11.000000 3.000000 0 9.000000 3.000000 0 12.000000 4.000000 0 13.000000 4.000000 0 12.000000 6.000000 0 15.000000 7.000000 0 10.000000 5.000000 0 7.000000 5.000000
00861 10 0 11.000000 9.000000 0 9.000000 9.000000 0 5.000000 3.000000 0 4.000000 3.000000 0 15.000000 12.000000 0 10.000000 4.000000 0 11.000000 12.000000 0 5.000000 8.000000 0 13.000000 2.000000 0 11.000000 2.000000
00862 10 0 11.000000 9.000000 0 9.000000 9.000000 0 8.000000 2.000000 0 13.000000 4.000000 0 12.000000 4.000000 0 11.000000 1.000000 0 4.000000 9.000000 0 10.000000 5.000000 0 13.000000 5.000000 0 11.000000 6.000000
00863 10 0 11.000000 9.000000 0 9.000000 9.000000 0 11.000000 1.000000 0 10.000000 1.000000 0 11.000000 0.000000 0 12.000000 0.000000 0 7.000000 5.000000 0 10.000000 5.000000 0 12.000000 4.000000 0 12.000000 3.000000
00864 10 0 9.000000 3.000000 0 11.000000 9.000000 0 9.000000 9.000000 0 12.000000 3.000000 0 13.000000 4.000000 0 4.000000 3.000000 0 12.000000 0.000000 0 5.000000 8.000000 0 13.000000 2.000000 0 14.000000 11.000000
00865 10 0 9.000000 3.000000 0 11.000000 9.000000 0 9.000000 9.000000 0 4.000000 3.000000 0 13.000000 5.000000 0 12.000000 4.000000 0 12.000000 6.000000 0 11.000000 6.000000 0 11.000000 12.000000 0 12.000000 12.000000
00866 10 0 11.000000 9.000000 0 9.000000 9.000000 0 12.000000 6.000000 0 15.000000 12.000000 0 10.000000 1.000000 0 9.000000 2.000000 0 11.000000 3.000000 0 12.000000 3.000000 0 11.000000 1.000000 0 15.000000 7.000000
00867 10 0 9.000000 3.000000 0 11.000000 9.000000 0 9.000000 9.000000 0 12.000000 3.000000 0 11.000000 12.000000 0 15.000000 7.000000 0 12.000000 12.000000 0 13.000000 5.000000 0 4.000000 11.000000 0 13.000000 12.000000
00868 10 0 11.000000 9.000000 0 9.000000 9.000000 0 9.000000 3.000000 0 15.000000 12.000000 0 14.000000 11.000000 0 5.000000 8.000000 0 14.000000 9.000000 0 11.000000 0.000000 0 16.000000 10.000000 0 12.000000 6.000000
00869 10 0 9.000000 9.000000 0 9.000000 3.000000 0 11.000000 9.000000 0 11.000000 0.000000 0 4.000000 9.000000 0 12.000000 6.000000 0 13.000000 5.000000 0 12.000000 4.000000 0 4.000000 11.000000 0 13.000000 14.000000
00870 10 0 11.000000 9.000000 0 9.000000 9.000000 0 11.000000 1.000000 0 12.000000 3.000000 0 9.000000 3.000000 0 12.000000 4.000000 0 11.000000 4.000000 0 11.000000 6.000000 0 12.000000 6.000000 0 9.000000 4.000000
00871 10 0 9.000000 9.000000 0 11.000000 9.000000 0 12.000000 6.000000 0 11.000000 6.000000 0 4.000000 9.000000 0 15.000000 9.000000 0 10.000000 5.000000 0 13.000000 5.000000 0 11.000000 0.000000 0 11.000000 1.000000
00872 10 0 9.000000 9.000000 0 11.000000 9.000000 0 9.000000 3.000000 0 12.000000 3.000000 0 13.000000 4.000000 0 9.000000 2.000000 0 11.000000 3.000000 0 11.000000 4.000000 0 12.000000 4.000000 0 11.000000 12.000000
00873 10 0 11.000000 9.000000 0 9.000000 9.000000 0 13.000000 1.000000 0 10.000000 5.000000 0 12.000000 3.000000 0 11.000000 3.000000 0 13.000000 5.000000 0 9.000000 4.000000 0 15.000000 12.000000 0 12.000000 13.000000
00874 10 0 9.000000 9.000000 0 11.000000 9.000000 0 13.000000 0.000000 0 12.000000 4.000000 0 13.000000 1.000000 0 11.000000 2.000000 0 9.000000 2.000000 0 13.000000 5.000000 0 11.000000 1.000000 0 10.000000 5.000000
00875 10 0 11.000000 9.000000 0 9.000000 9.000000 0 9.000000 2.000000 0 12.000000 13.000000 0 11.000000 1.000000 0 13.000000 2.000000 0 4.000000 11.000000 0 11.000000 3.000000 0 12.000000 6.000000 0 12.000000 4.000000
00876 10 0 9.000000 9.000000 0 11.000000 9.000000 0 12.000000 6.000000 0 11.000000 6.000000 0 12.000000 12.000000 0 4.000000 11.000000 0 14.000000 11.000000 0 16.000000 10.000000 0 9.000000 3.000000 0 11.000000 12.000000
00877 10 0 9.000000 9.000000 0 11.000000 9.000000 0 5.000000 3.000000 0 16.000000 10.000000 0 13.000000 14.000000 0 9.000000 4.000000 0 11.000000 4.000000 0 13.000000 5.000000 0 7.000000 5.000000 0 4.000000 9.000000
00878 10 0 9.000000 9.000000 0 11.000000 9.000000 0 10.000000 1.000000 0 5.000000 3.000000 0 13.000000 2.000000 0 11.000000 3.000000 0 4.000000 3.000000 0 12.000000 3.000000 0 12.000000 12.000000 0 15.000000 12.000000
00879 10 0 9.000000 3.000000 0 11.000000 9.000000 0 9.000000 9.000000 0 12.000000 5.000000 0 5.000000 3.000000 0 4.000000 3.000000 0 13.000000 5.000000 0 12.000000 4.000000 0 11.000000 6.000000 0 16.000000 10.000000
00880 10 0 9.000000 9.000000 0 11.000000 9.000000 0 10.000000 1.000000 0 9.000000 2.000000 0 8.000000 2.000000 0 5.000000 9.000000 0 5.000000 3.000000 0 11.000000 1.000000 0 10.000000 2.000000 0 4.000000 11.000000
00881 10 0 11.000000 9.000000 0 9.000000 9.000000 0 9.000000 2.000000 0 10.000000 2.000000 0 11.000000 1.000000 0 11.000000 4.000000 0 11.000000 14.000000 0 11.000000 6.000000 0 11.000000 3.000000 0 4.000000 9.000000
00882 10 0 9.000000 9.000000 0 9.000000 3.000000 0 11.000000 3.000000 0 12.000000 1.000000 0 12.000000 4.000000 0 12.000000 6.000000 0 11.000000 6.000000 0 13.000000 5.000000 0 10.000000 5.000000 0 12.000000 8.000000
00883 10 0 9.000000 9.000000 0 10.000000 4.000000 0 12.000000 0.000000 0 13.000000 1.000000 0 12.000000 3.000000 0 10.000000 5.000000 0 13.000000 5.000000 0 13.000000 3.000000 0 12.000000 4.000000 0 11.000000 4.000000
00884 10 0 9.000000 9.000000 0 11.000000 9.000000 0 12.000000 1.000000 0 12.000000 0.000000 0 10.000000 1.000000 0 13.000000 1.000000 0 10.000000 5.000000 0 11.000000 1.000000 0 11.000000 0.000000 0 12.000000 13.000000
00885 10 0 9.000000 9.000000 0 11.000000 9.000000 0 11.000000 0.000000 0 12.000000 4.000000 0 11.000000 2.000000 0 11.000000 3.000000 0 11.000000 4.000000 0 12.000000 12.000000 0 5.000000 9.000000 0 4.000000 9.000000
00886 10 0 9.000000 3.000000 0 11.000000 9.000000 0 9.000000 9.000000 0 12.000000 0.000000 0 11.000000 6.000000 0 13.000000 4.000000 0 12.000000 4.000000 0 12.000000 3.000000 0 16.000000 10.000000 0 11.000000 14.000000
00887 10 0 11.000000 9.000000 0 9.000000 9.000000 0 13.000000 1.000000 0 10.000000 1.000000 0 11.000000 1.000000 0 13.000000 5.000000 0 11.000000 6.000000 0 12.000000 6.000000 0 10.000000 5.000000 0 11.000000 3.000000
00888 10 0 9.000000 9.000000 0 11.000000 9.000000 0 9.000000 3.000000 0 12.000000 1.000000 0 12.000000 6.000000 0 11.000000 6.000000 0 13.000000 5.000000 0 12.000000 4.000000 0 11.000000 12.000000 0 12.000000 12.000000
00889 10 0 9.000000 9.000000 0 11.000000 9.000000 0 11.000000 0.000000 0 9.000000 2.000000 0 11.000000 1.000000 0 12.000000 0.000000 0 13.000000 2.000000 0 11.000000 4.000000 0 9.000000 3.000000 0 12.000000 1.000000
00890 10 0 9.000000 3.000000 0 11.000000 9.000000 0 9.000000 9.000000 0 13.000000 5.000000 0 12.000000 4.000000 0 12.000000 1.000000 0 11.000000 6.000000 0 4.000000 9.000000 0 16.000000 10.000000 0 12.000000 0.000000
00891 10 0 11.000000 9.000000 0 9.000000 3.000000 0 9.000000 9.000000 0 12.000000 0.000000 0 12.000000 3.000000 0 14.000000 11.000000 0 4.000000 11.000000 0 14.000000 9.000000 0 12.000000 6.000000 0 11.000000 0.000000
00892 10 0 9.000000 3.000000 0 11.000000 9.000000 0 9.000000 9.000000 0 4.000000 11.000000 0 14.000000 9.000000 0 13.000000 5.000000 0 12.000000 3.000000 0 13.000000 4.000000 0 11.000000 6.000000 0 5.000000 8.000000
00893 10 0 11.000000 9.000000 0 9.000000 9.000000 0 12.000000 6.000000 0 11.000000 4.000000 0 9.000000 4.000000 0 11.000000 6.000000 0 13.000000 5.000000 0 8.000000 4.000000 0 4.000000 9.000000 0 14.000000 9.000000
00894 10 0 9.000000 9.000000 0 11.000000 9.000000 0 11.000000 3.000000 0 12.000000 3.000000 0 8.000000 4.000000 0 9.000000 4.000000 0 13.000000 4.000000 0 11.000000 1.000000 0 13.000000 5.000000 0 16.000000 10.000000
00895 10 0 9.000000 9.000000 0 9.000000 3.000000 0 11.000000 9.000000 0 11.000000 0.000000 0 12.000000 6.000000 0 11.000000 6.000000 0 15.000000 7.000000 0 13.000000 5.000000 0 5.000000 3.000000 0 14.000000 11.000000
00896 10 0 9.000000 3.000000 0 9.000000 2.000000 0 11.000000 9.000000 0 9.000000 9.000000 0 13.000000 5.000000 0 16.000000 2.000000 0 4.000000 9.000000 0 4.000000 11.000000 0 15.000000 7.000000 0 14.000000 11.000000
00897 10 0 9.000000 3.000000 0 9.000000 9.000000 0 11.000000 4.000000 0 9.000000 2.000000 0 11.000000 9.000000 0 12.000000 13.000000 0 12.000000 12.000000 0 15.000000 7.000000 0 16.000000 10.000000 0 11.000000 12.000000
00898 10 0 9.000000 3.000000 0 9.000000 9.000000 0 11.000000 9.000000 0 13.000000 5.000000 0 13.000000 4.000000 0 13.000000 2.000000 0 12.000000 6.000000 0 15.000000 7.000000 0 11.000000 6.000000 0 16.000000 10.000000
00899 10 0 9.000000 3.000000 0 9.000000 9.000000 0 11.000000 9.000000 0 12.000000 12.000000 0 13.000000 1.000000 0 12.000000 1.000000 0 13.000000 4.000000 0 11.000000 6.000000 0 10.000000 6.000000 0 5.000000 8.000000
00900 10 0 11.000000 9.000000 0 9.000000 9.000000 0 9.000000 3.000000 0 12.000000 6.000000 0 16.000000 10.000000 0 4.000000 9.000000 0 13.000000 5.000000 0 11.000000 12.000000 0 12.000000 4.000000 0 14.000000 11.000000
00901 10 0 9.000000 3.000000 0 9.000000 9.000000 0 11.000000 9.000000 0 12.000000 12.000000 0 14.000000 11.000000 0 12.000000 3.000000 0 12.000000 13.000000 0 11.000000 12.000000 0 12.000000 6.000000 0 13.000000 2.000000
00902 10 0 9.000000 3.000000 0 11.000000 9.000000 0 9.000000 9.000000 0 12.000000 3.000000 0 4.000000 3.000000 0 12.000000 4.000000 0 13.000000 4.000000 0 11.000000 6.000000 0 12.000000 6.000000 0 4.000000 9.000000
00903 10 0 9.000000 9.000000 0 11.000000 9.000000 0 9.000000 3.000000 0 5.000000 8.000000 0 12.000000 4.000000 0 15.000000 7.000000 0 13.000000 1.000000 0 12.000000 1.000000 0 13.000000 2.000000 0 14.000000 9.000000
00904 10 0 9.000000 3.000000 0 11.000000 9.000000 0 9.000000 9.000000 0 11.000000 0.000000 0 5.000000 3.000000 0 12.000000 3.000000 0 12.000000 4.000000 0 4.000000 3.000000 0 12.000000 6.000000 0 11.000000 6.000000
00905 10 0 9.000000 3.000000 0 9.000000 9.000000 0 11.000000 9.000000 0 12.000000 0.000000 0 13.000000 1.000000 0 13.000000 5.000000 0 12.000000 4.000000 0 12.000000 3.000000 0 13.000000 3.000000 0 11.000000 6.000000
00906 10 0 9.000000 3.000000 0 9.000000 9.000000 0 11.000000 9.000000 0 12.000000 1.000000 0 13.000000 1.000000 0 11.000000 0.000000 0 12.000000 0.000000 0 4.000000 9.000000 0 11.000000 6.000000 0 12.000000 12.000000
00907 10 0 16.000000 10.000000 0 9.000000 9.000000 0 11.000000 9.000000 0 9.000000 3.000000 0 13.000000 5.000000 0 13.000000 1.000000 0 12.000000 4.000000 0 12.000000 1.000000 0 8.000000 6.000000 0 12.000000 6.000000
00908 10 0 11.000000 9.000000 0 9.000000 9.000000 0 16.000000 10.000000 0 9.000000 3.000000 0 13.000000 1.000000 0 13.000000 3.000000 0 12.000000 3.000000 0 13.000000 4.000000 0 13.000000 5.000000 0 15.000000 7.000000
00909 10 0 16.000000 10.000000 0 11.000000 9.000000 0 9.000000 9.000000 0 10.000000 2.000000 0 9.000000 1.000000 0 11.000000 2.000000 0 12.000000 0.000000 0 11.000000 0.000000 0 4.000000 9.000000 0 13.000000 1.000000
00910 10 0 9.000000 9.000000 0 11.000000 9.000000 0 8.000000 2.000000 0 9.000000 2.000000 0 13.000000 5.000000 0 10.000000 5.000000 0 12.000000 0.000000 0 11.000000 0.000000 0 9.000000 3.000000 0 5.000000 3.000000
00911 10 0 11.000000 9.000000 0 9.000000 9.000000 0 16.000000 10.000000 0 13.000000 8.000000 0 11.000000 4.000000 0 10.000000 0.000000 0 11.000000 0.000000 0 12.000000 1.000000 0 17.000000 5.000000 0 13.000000 5.000000
00912 10 0 11.000000 9.000000 0 9.000000 9.000000 0 9.000000 3.000000 0 11.000000 0.000000 0 12.000000 1.000000 0 9.000000 1.000000 0 12.000000 0.000000 0 11.000000 3.000000 0 13.000000 1.000000 0 11.000000 6.000000
00913 10 0 11.000000 9.000000 0 9.000000 3.000000 0 9.000000 9.000000 0 13.000000 4.000000 0 10.000000 6.000000 0 4.000000 11.000000 0 14.000000 9.000000 0 11.000000 6.000000 0 16.000000 10.000000 0 10.000000 0.000000
00914 10 0 9.000000 9.000000 0 11.000000 9.000000 0 16.000000 10.000000 0 11.000000 6.000000 0 9.000000 3.000000 0 13.000000 8.000000 0 11.000000 14.000000 0 13.000000 14.000000 0 9.000000 0.000000 0 12.000000 0.000000
00915 10 0 9.000000 3.000000 0 11.000000 6.000000 0 13.000000 8.000000 0 11.000000 9.000000 0 9.000000 9.000000 0 4.000000 3.000000 0 11.000000 0.000000 0 12.000000 0.000000 0 12.000000 3.000000 0 13.000000 3.000000
00916 10 0 9.000000 9.000000 0 16.000000 10.000000 0 11.000000 9.000000 0 9.000000 3.000000 0 15.000000 7.000000 0 12.000000 4.000000 0 13.000000 5.000000 0 11.000000 12.000000 0 4.000000 11.000000 0 10.000000 6.000000
00917 10 0 9.000000 3.000000 0 11.000000 9.000000 0 9.000000 9.000000 0 12.000000 1.000000 0 12.000000 4.000000 0 10.000000 0.000000 0 13.000000 1.000000 0 12.000000 12.000000 0 4.000000 9.000000 0 11.000000 6.000000
00918 10 0 9.000000 9.000000 0 13.000000 8.000000 0 11.000000 9.000000 0 13.000000 7.000000 0 11.000000 4.000000 0 12.000000 3.000000 0 9.000000 1.000000 0 10.000000 0.000000 0 11.000000 12.000000 0 9.000000 4.000000
00919 10 0 9.000000 3.000000 0 9.000000 9.000000 0 11.000000 9.000000 0 13.000000 1.000000 0 16.000000 2.000000 0 15.000000 7.000000 0 13.000000 5.000000 0 12.000000 6.000000 0 4.000000 9.000000 0 11.000000 12.000000
00920 10 0 9.000000 9.000000 0 11.000000 9.000000 0 10.000000 1.000000 0 11.000000 1.000000 0 9.000000 3.000000 0 11.000000 2.000000 0 10.000000 2.000000 0 12.000000 3.000000 0 9.000000 2.000000 0 14.000000 8.000000
00921 10 0 13.000000 8.000000 0 9.000000 9.000000 0 11.000000 9.000000 0 5.000000 3.000000 0 9.000000 3.000000 0 11.000000 3.000000 0 12.000000 3.000000 0 11.000000 4.000000 0 9.000000 4.000000 0 13.000000 4.000000
00922 10 0 11.000000 9.000000 0 9.000000 9.000000 0 10.000000 1.000000 0 12.000000 0.000000 0 13.000000 0.000000 0 9.000000 4.000000 0 12.000000 4.000000 0 11.000000 4.000000 0 13.000000 4.000000 0 10.000000 5.000000
00923 10 0 11.000000 9.000000 0 16.000000 10.000000 0 9.000000 9.000000 0 12.000000 12.000000 0 11.000000 0.000000 0 13.000000 2.000000 0 12.000000 0.000000 0 11.000000 2.000000 0 9.000000 2.000000 0 10.000000 5.000000
00924 10 0 11.000000 9.000000 0 9.000000 9.000000 0 10.000000 1.000000 0 12.000000 3.000000 0 8.000000 4.000000 0 12.000000 0.000000 0 11.000000 0.000000 0 16.000000 9.000000 0 16.000000 10.000000 0 11.000000 4.000000
00925 10 0 11.000000 9.000000 0 9.000000 9.000000 0 9.000000 3.000000 0 11.000000 0.000000 0 13.000000 6.000000 0 11.000000 6.000000 0 15.000000 7.000000 0 12.000000 6.000000 0 4.000000 9.000000 0 13.000000 4.000000
00926 10 0 11.000000 9.000000 0 9.000000 9.000000 0 9.000000 3.000000 0 13.000000 0.000000 0 12.000000 6.000000 0 15.000000 7.000000 0 11.000000 0.000000 0 13.000000 6.000000 0 11.000000 12.000000 0 16.000000 10.000000
00927 10 0 9.000000 9.000000 0 16.000000 10.000000 0 11.000000 9.000000 0 9.000000 3.000000 0 4.000000 9.000000 0 5.000000 3.000000 0 13.000000 6.000000 0 11.000000 0.000000 0 13.000000 0.000000 0 12.000000 0.000000
00928 10 0 9.000000 3.000000 0 9.000000 9.000000 0 16.000000 10.000000 0 11.000000 9.000000 0 13.000000 2.000000 0 4.000000 3.000000 0 11.000000 12.000000 0 12.000000 12.000000 0 11.000000 6.000000 0 12.000000 6.000000
00929 10 0 11.000000 9.000000 0 9.000000 9.000000 0 16.000000 10.000000 0 9.000000 3.000000 0 15.000000 7.000000 0 13.000000 4.000000 0 13.000000 2.000000 0 10.000000 6.000000 0 12.000000 4.000000 0 12.000000 5.000000
00930 10 0 11.000000 9.000000 0 9.000000 9.000000 0 11.000000 0.000000 0 12.000000 0.000000 0 13.000000 0.000000 0 10.000000 1.000000 0 9.000000 1.000000 0 8.000000 1.000000 0 8.000000 2.000000 0 10.000000 2.000000
00931 10 0 11.000000 9.000000 0 9.000000 9.000000 0 13.000000 2.000000 0 10.000000 2.000000 0 8.000000 2.000000 0 13.000000 5.000000 0 9.000000 2.000000 0 10.000000 5.000000 0 15.000000 7.000000 0 13.000000 6.000000
00932 10 0 9.000000 9.000000 0 16.000000 10.000000 0 11.000000 9.000000 0 11.000000 3.000000 0 13.000000 5.000000 0 11.000000 1.000000 0 9.000000 3.000000 0 12.000000 3.000000 0 9.000000 4.000000 0 4.000000 9.000000
00933 10 0 11.000000 9.000000 0 9.000000 9.000000 0 13.000000 5.000000 0 9.000000 2.000000 0 12.000000 4.000000 0 12.000000 0.000000 0 10.000000 5.000000 0 12.000000 6.000000 0 13.000000 4.000000 0 11.000000 6.000000
00934 10 0 11.000000 9.000000 0 9.000000 9.000000 0 12.000000 6.000000 0 12.000000 4.000000 0 21.000000 0.000000 0 11.000000 6.000000 0 11.000000 4.000000 0 9.000000 4.000000 0 13.000000 5.000000 0 10.000000 5.000000
00935 10 0 9.000000 9.000000 0 11.000000 9.000000 0 9.000000 1.000000 0 9.000000 3.000000 0 11.000000 3.000000 0 12.000000 0.000000 0 11.000000 0.000000 0 10.000000 5.000000 0 13.000000 5.000000 0 13.000000 1.000000
00936 10 0 11.000000 9.000000 0 9.000000 9.000000 0 9.000000 3.000000 0 5.000000 3.000000 0 13.000000 4.000000 0 13.000000 5.000000 0 4.000000 3.000000 0 9.000000 4.000000 0 11.000000 3.000000 0 12.000000 4.000000
00937 10 0 9.000000 9.000000 0 13.000000 10.000000 0 11.000000 9.000000 0 13.000000 9.000000 0 9.000000 1.000000 0 12.000000 0.000000 0 10.000000 1.000000 0 11.000000 1.000000 0 11.000000 0.000000 0 10.000000 5.000000
00938 10 0 9.000000 9.000000 0 11.000000 9.000000 0 13.000000 4.000000 0 12.000000 0.000000 0 11.000000 5.000000 0 11.000000 4.000000 0 12.000000 4.000000 0 13.000000 3.000000 0 11.000000 0.000000 0 5.000000 3.000000
00939 10 0 9.000000 9.000000 0 11.000000 9.000000 0 13.000000 1.000000 0 9.000000 2.000000 0 7.000000 5.000000 0 13.000000 2.000000 0 11.000000 3.000000 0 9.000000 3.000000 0 11.000000 2.000000 0 9.000000 4.000000
00940 10 0 11.000000 9.000000 0 9.000000 9.000000 0 12.000000 3.000000 0 7.000000 5.000000 0 9.000000 4.000000 0 9.000000 2.000000 0 11.000000 2.000000 0 15.000000 7.000000 0 13.000000 5.000000 0 14.000000 9.000000
00941 10 0 11.000000 9.000000 0 9.000000 9.000000 0 11.000000 6.000000 0 12.000000 3.000000 0 11.000000 12.000000 0 10.000000 2.000000 0 10.000000 1.000000 0 11.000000 1.000000 0 9.000000 2.000000 0 12.000000 4.000000
00942 10 0 9.000000 9.000000 0 11.000000 9.000000 0 10.000000 1.000000 0 13.000000 4.000000 0 12.000000 4.000000 0 11.000000 3.000000 0 12.000000 12.000000 0 14.000000 9.000000 0 11.000000 2.000000 0 11.000000 6.000000
00943 10 0 11.000000 9.000000 0 9.000000 9.000000 0 11.000000 1.000000 0 12.000000 4.000000 0 15.000000 7.000000 0 10.000000 1.000000 0 9.000000 3.000000 0 14.000000 11.000000 0 12.000000 3.000000 0 11.000000 6.000000
00944 10 0 11.000000 9.000000 0 9.000000 9.000000 0 11.000000 1.000000 0 9.000000 3.000000 0 16.000000 10.000000 0 13.000000 5.000000 0 15.000000 7.000000 0 11.000000 6.000000 0 10.000000 5.000000 0 10.000000 1.000000
00945 10 0 9.000000 9.000000 0 11.000000 9.000000 0 11.000000 0.000000 0 11.000000 4.000000 0 12.000000 4.000000 0 11.000000 3.000000 0 9.000000 3.000000 0 12.000000 6.000000 0 15.000000 7.000000 0 12.000000 3.000000
00946 10 0 9.000000 9.000000 0 11.000000 9.000000 0 12.000000 0.000000 0 11.000000 0.000000 0 13.000000 5.000000 0 12.000000 6.000000 0 11.000000 3.000000 0 9.000000 3.000000 0 11.000000 6.000000 0 12.000000 3.000000
00947 10 0 11.000000 9.000000 0 9.000000 9.000000 0 11.000000 4.000000 0 12.000000 4.000000 0 12.000000 12.000000 0 15.000000 9.000000 0 14.000000 9.000000 0 11.000000 6.000000 0 10.000000 5.000000 0 13.000000 5.000000
00948 10 0 9.000000 9.000000 0 11.000000 9.000000 0 11.000000 0.000000 0 9.000000 3.000000 0 5.000000 3.000000 0 11.000000 2.000000 0 9.000000 2.000000 0 13.000000 1.000000 0 10.000000 1.000000 0 12.000000 3.000000
00949 10 0 11.000000 9.000000 0 9.000000 9.000000 0 9.000000 2.000000 0 11.000000 2.000000 0 14.000000 11.000000 0 11.000000 6.000000 0 13.000000 5.000000 0 11.000000 5.000000 0 13.000000 4.000000 0 10.000000 5.000000
00950 10 0 9.000000 9.000000 0 11.000000 9.000000 0 12.000000 3.000000 0 11.000000 3.000000 0 11.000000 0.000000 0 13.000000 1.000000 0 13.000000 5.000000 0 15.000000 7.000000 0 7.000000 5.000000 0 10.000000 5.000000
00951 10 0 11.000000 9.000000 0 9.000000 9.000000 0 5.000000 3.000000 0 13.000000 1.000000 0 9.000000 3.000000 0 4.000000 3.000000 0 11.000000 1.000000 0 10.000000 5.000000 0 15.000000 7.000000 0 11.000000 6.000000
00952 10 0 9.000000 9.000000 0 11.000000 9.000000 0 12.000000 4.000000 0 10.000000 1.000000 0 11.000000 1.000000 0 12.000000 6.000000 0 11.000000 6.000000 0 13.000000 5.000000 0 15.000000 7.000000 0 14.000000 9.000000
00953 10 0 11.000000 9.000000 0 9.000000 9.000000 0 9.000000 4.000000 0 11.000000 0.000000 0 11.000000 1.000000 0 13.000000 1.000000 0 14.000000 11.000000 0 4.000000 9.000000 0 9.000000 3.000000 0 15.000000 9.000000
00954 10 0 11.000000 9.000000 0 9.000000 9.000000 0 10.000000 5.000000 0 11.000000 1.000000 0 11.000000 3.000000 0 11.000000 0.000000 0 4.000000 3.000000 0 12.000000 6.000000 0 16.000000 10.000000 0 14.000000 9.000000
00955 10 0 11.000000 9.000000 0 9.000000 9.000000 0 14.000000 9.000000 0 12.000000 6.000000 0 11.000000 6.000000 0 11.000000 4.000000 0 16.000000 10.000000 0 9.000000 4.000000 0 13.000000 5.000000 0 10.000000 5.000000
00956 10 0 11.000000 9.000000 0 9.000000 9.000000 0 11.000000 1.000000 0 13.000000 5.000000 0 12.000000 4.000000 0 11.000000 3.000000 0 12.000000 3.000000 0 5.000000 3.000000 0 9.000000 3.000000 0 15.000000 7.000000
00957 10 0 9.000000 9.000000 0 11.000000 9.000000 0 14.000000 9.000000 0 12.000000 4.000000 0 10.000000 5.000000 0 11.000000 6.000000 0 11.000000 4.000000 0 15.000000 7.000000 0 4.000000 11.000000 0 13.000000 5.000000
00958 10 0 11.000000 9.000000 0 13.000000 8.000000 0 9.000000 9.000000 0 12.000000 0.000000 0 13.000000 4.000000 0 13.000000 1.000000 0 11.000000 0.000000 0 9.000000 3.000000 0 11.000000 1.000000 0 13.000000 5.000000
00959 10 0 9.000000 9.000000 0 11.000000 9.000000 0 12.000000 3.000000 0 10.000000 5.000000 0 13.000000 5.000000 0 13.000000 1.000000 0 11.000000 1.000000 0 12.000000 0.000000 0 15.000000 7.000000 0 12.000000 6.000000
00960 10 0 9.000000 9.000000 0 11.000000 9.000000 0 15.000000 7.000000 0 11.000000 1.000000 0 11.000000 3.000000 0 12.000000 4.000000 0 11.000000 4.000000 0 12.000000 0.000000 0 10.000000 5.000000 0 13.000000 5.000000
00961 10 0 9.000000 9.000000 0 11.000000 9.000000 0 11.000000 1.000000 0 12.000000 4.000000 0 13.000000 5.000000 0 11.000000 0.000000 0 12.000000 0.000000 0 9.000000 4.000000 0 11.000000 4.000000 0 14.000000 11.000000
00962 10 0 11.000000 9.000000 0 9.000000 9.000000 0 10.000000 5.000000 0 11.000000 3.000000 0 13.000000 5.000000 0 11.000000 6.000000 0 7.000000 5.000000 0 11.000000 5.000000 0 9.000000 3.000000 0 11.000000 4.000000
00963 10 0 9.000000 9.000000 0 11.000000 9.000000 0 14.000000 11.000000 0 12.000000 3.000000 0 16.000000 10.000000 0 11.000000 1.000000 0 14.000000 8.000000 0 13.000000 5.000000 0 11.000000 3.000000 0 7.000000 5.000000
00964 10 0 11.000000 9.000000 0 9.000000 9.000000 0 12.000000 6.000000 0 15.000000 9.000000 0 14.000000 9.000000 0 16.000000 10.000000 0 15.000000 7.000000 0 11.000000 4.000000 0 10.000000 5.000000 0 14.000000 11.000000
00965 10 0 9.000000 9.000000 0 11.000000 9.000000 0 12.000000 6.000000 0 10.000000 5.000000 0 11.000000 4.000000 0 9.000000 2.000000 0 16.000000 10.000000 0 15.000000 7.000000 0 14.000000 11.000000 0 11.000000 6.000000
00966 10 0 11.000000 9.000000 0 9.000000 9.000000 0 9.000000 3.000000 0 10.000000 5.000000 0 13.000000 4.000000 0 12.000000 4.000000 0 12.000000 6.000000 0 11.000000 4.000000 0 12.000000 5.000000 0 13.000000 5.000000
00967 10 0 9.000000 9.000000 0 11.000000 9.000000 0 9.000000 3.000000 0 5.000000 3.000000 0 4.000000 3.000000 0 12.000000 3.000000 0 11.000000 6.000000 0 12.000000 4.000000 0 11.000000 4.000000 0 12.000000 5.000000
00968 10 0 11.000000 9.000000 0 9.000000 9.000000 0 11.000000 1.000000 0 11.000000 4.000000 0 12.000000 4.000000 0 13.000000 4.000000 0 11.000000 6.000000 0 12.000000 5.000000 0 13.000000 5.000000 0 12.000000 3.000000
00969 10 0 11.000000 9.000000 0 9.000000 9.000000 0 11.000000 0.000000 0 11.000000 1.000000 0 13.000000 5.000000 0 12.000000 6.000000 0 11.000000 4.000000 0 11.000000 6.000000 0 10.000000 5.000000 0 15.000000 7.000000
00970 10 0 11.000000 9.000000 0 9.000000 9.000000 0 12.000000 4.000000 0 11.000000 5.000000 0 11.000000 0.000000 0 11.000000 1.000000 0 13.000000 4.000000 0 10.000000 5.000000 0 15.000000 7.000000 0 11.000000 3.000000
00971 10 0 11.000000 9.000000 0 9.000000 9.000000 0 9.000000 2.000000 0 15.000000 7.000000 0 13.000000 5.000000 0 10.000000 5.000000 0 11.000000 6.000000 0 12.000000 4.000000 0 11.000000 1.000000 0 13.000000 4.000000
00972 10 0 9.000000 9.000000 0 11.000000 9.000000 0 9.000000 3.000000 0 15.000000 7.000000 0 13.000000 5.000000 0 12.000000 6.000000 0 12.000000 4.000000 0 11.000000 0.000000 0 4.000000 3.000000 0 11.000000 6.000000
00973 10 0 11.000000 9.000000 0 9.000000 9.000000 0 7.000000 5.000000 0 9.000000 3.000000 0 10.000000 5.000000 0 12.000000 3.000000 0 13.000000 5.000000 0 5.000000 3.000000 0 11.000000 1.000000 0 12.000000 4.000000
00974 10 0 11.000000 9.000000 0 9.000000 9.000000 0 11.000000 0.000000 0 11.000000 4.000000 0 9.000000 4.000000 0 8.000000 4.000000 0 11.000000 1.000000 0 12.000000 6.000000 0 7.000000 5.000000 0 10.000000 5.000000
00975 10 0 9.000000 9.000000 0 11.000000 9.000000 0 11.000000 1.000000 0 13.000000 1.000000 0 13.000000 5.000000 0 11.000000 4.000000 0 9.000000 4.000000 0 12.000000 5.000000 0 12.000000 4.000000 0 13.000000 4.000000
00976 10 0 9.000000 9.000000 0 11.000000 9.000000 0 9.000000 4.000000 0 15.000000 7.000000 0 11.000000 6.000000 0 9.000000 3.000000 0 11.000000 3.000000 0 12.000000 12.000000 0 16.000000 10.000000 0 13.000000 6.000000
00977 10 0 9.000000 9.000000 0 11.000000 9.000000 0 9.000000 3.000000 0 5.000000 3.000000 0 4.000000 3.000000 0 11.000000 4.000000 0 9.000000 4.000000 0 11.000000 6.000000 0 10.000000 5.000000 0 13.000000 5.000000
00978 10 0 9.000000 9.000000 0 11.000000 9.000000 0 4.000000 4.000000 0 15.000000 7.000000 0 11.000000 1.000000 0 13.000000 5.000000 0 10.000000 5.000000 0 12.000000 6.000000 0 11.000000 6.000000 0 11.000000 5.000000
00979 10 0 11.000000 9.000000 0 9.000000 9.000000 0 11.000000 3.000000 0 4.000000 3.000000 0 11.000000 6.000000 0 9.000000 4.000000 0 4.000000 4.000000 0 13.000000 5.000000 0 11.000000 4.000000 0 13.000000 4.000000
00980 10 0 9.000000 9.000000 0 11.000000 9.000000 0 12.000000 4.000000 0 13.000000 5.000000 0 11.000000 3.000000 0 10.000000 5.000000 0 4.000000 3.000000 0 5.000000 3.000000 0 7.000000 5.000000 0 9.000000 4.000000
